"0.12159822048247393","1.0000076121584114"
"0.24287635664279594","1.0000227704823872"
"0.3638360903006934","1.0000454094999276"
"0.484479090040729","1.0000754642544094"
"0.6048070113509417","1.0001128702991873"
"0.7248214967596771","1.000157563692266"
"0.8445241759706333","1.000209480991041"
"0.9639166659961526","1.000268559247109"
"1.0830005712887834","1.0003347360011448"
"1.201777483871143","1.0004079492778437"
"1.320248983464104","1.0004881375809311"
"1.4384166376133312","1.0005752398882346"
"1.556282001814196","1.0006691956468197"
"1.6738466196350923","1.0007699447681886"
"1.7911120228391757","1.000877427623539"
"1.9080797315045563","1.0009915850390845"
"2.0247512541429615","1.0011123582914332"
"2.141128087816898","1.0012396891030264"
"2.2572117182553315","1.0013735196376332"
"2.373003619967909","1.0015137924959032"
"2.4885052563577466","1.0016604507109748"
"2.603718079832799","1.001813437744138"
"2.7186435319158386","1.0019726974805518"
"2.8332830433530645","1.0021381742250162"
"2.9476380342213524","1.0023098126977943"
"3.061709914034181","1.0024875580304888"
"3.1755000818462396","1.0026713557619682"
"3.2890099263567496","1.0028611518343435"
"3.4022408260115076","1.0030568925889949"
"3.5151941491036753","1.0032585247626467"
"3.627871253873336","1.003465995483491"
"3.740273488605829","1.0036792522673588"
"3.8524021917288866","1.0038982430139367"
"3.9642586919085896","1.0041229160030314"
"4.075844308144153","1.0043532198908784"
"4.1871603498615695","1.0045891037064958"
"4.298208117006116","1.0048305168480816"
"4.408988900133746","1.0050774090794552"
"4.519503980501387","1.005329730526542"
"4.629754630156149","1.0055874316738986"
"4.739742112023467","1.0058504633612813"
"4.849467679994193","1.0061187767802542"
"4.958932579010649","1.0063923234708394"
"5.068138045151656","1.0066710553182048"
"5.177085305716557","1.0069549245493932"
"5.285775579308245","1.0072438837300886"
"5.394210075915215","1.0075378857614217"
"5.50238999699264","1.0078368838768126"
"5.610316535542512","1.0081408316388505"
"5.7179908761928235","1.0084496829362095"
"5.82541419527584","1.008763391980602"
"5.932587660905454","1.0090819133037658"
"6.039512433053632","1.0094052017544872"
"6.14618966362599","1.0097332124956588"
"6.252620496536478","1.0100659010013708"
"6.3588060677812095","1.0104032230540365"
"6.46474750551144","1.0107451347415504"
"6.570445930105704","1.011091592454479"
"6.675902454241125","1.0114425528832844"
"6.781118182963911","1.0117979730155795"
"6.88609421375904","1.0121578101334137"
"6.990831636619158","1.0125220218105908"
"7.09533153411269","1.0128905659100167"
"7.199594981451175","1.013263400581077"
"7.303623046555847","1.0136404842570448"
"7.407416790123459","1.0140217756525174"
"7.510977265691364","1.0144072337608823"
"7.614305519701869","1.014796817851811"
"7.717402591565865","1.0151904874687818"
"7.820269513725741","1.0155882024266294"
"7.922907311717606","1.0159899228091223"
"8.025317004232804","1.0163956089665676"
"8.127499603178759","1.0168052215134415"
"8.22945611373913","1.017218721326047"
"8.331187534433322","1.0176360695401971"
"8.432694857175312","1.018057227548923"
"8.53397906733185","1.018482157000209"
"8.635041143780013","1.0189108197947505"
"8.735882058964117","1.0193431780837388"
"8.836502778952028","1.0197791942666674"
"8.936904263490836","1.020218830989165"
"9.037087466061939","1.0206620511408506"
"9.137053333935512","1.021108817853211"
"9.236802808224404","1.0215590944975041"
"9.336336823937431","1.0220128446826826"
"9.435656310032114","1.0224700322533409"
"9.53476218946683","1.0229306212876839"
"9.633655379252415","1.0233945760955179"
"9.732336790503206","1.0238618612162635"
"9.830807328487538","1.0243324414169885"
"9.929067892677704","1.024806281690463"
"10.027119376799382","1.0252833472532348"
"10.124962668880528","1.025763603543725"
"10.22259865129976","1.0262470162203448"
"10.32002820083423","1.026733551159631"
"10.417252188706971","1.0272231744544018"
"10.514271480633777","1.0277158524119328"
"10.611086936869555","1.0282115515521506"
"10.707699412254215","1.0287102386058466"
"10.804109756258065","1.0292118805129091"
"10.900318813026741","1.0297164444205742"
"10.996327421425658","1.0302238976816946"
"11.092136415084001","1.0307342078530266"
"11.187746622438267","1.0312473426935345"
"11.283158866775343","1.0317632701627137"
"11.378373966275143","1.0322819584189302"
"11.473392734052808","1.032803375817777"
"11.568215978200463","1.0333274909104486"
"11.662844501828554","1.0338542724421314"
"11.757279103106749","1.0343836893504106"
"11.851520575304432","1.0349157107636937"
"11.945569706830776","1.0354503059996505"
"12.039427281274403","1.035987444563668"
"12.133094077442651","1.0365270961473219"
"12.226570869400433","1.0370692306268632"
"12.319858426508704","1.0376138180617205"
"12.41295751346254","1.0381608286930173"
"12.505868890328836","1.0387102329421039"
"12.59859331258361","1.039262001409105"
"12.69113153114895","1.0398161048714807"
"12.783484292429574","1.0403725142826035"
"12.87565233834904","1.0409312007703475"
"12.967636406385575","1.0414921356356943"
"13.059437229607559","1.04205529035135"
"13.151055536708654","1.0426206365603785"
"13.242492052042582","1.0431881460748467"
"13.333747495657557","1.0437577908744835"
"13.424822583330377","1.0443295431053532"
"13.51571802660018","1.04490337507854"
"13.606434532801863","1.0454792592688473"
"13.696972805099184","1.0460571683135091"
"13.78733354251752","1.0466370750109135"
"13.877517439976316","1.0472189523193398"
"13.967525188321224","1.0478027733557072"
"14.057357474355902","1.0483885113943356"
"14.147014980873534","1.0489761398657196"
"14.236498386688021","1.0495656323553129"
"14.325808366664878","1.0501569626023257"
"14.414945591751835","1.0507501044985332"
"14.503910729009128","1.0513450320870958"
"14.59270444163952","1.05194171956139"
"14.68132738901801","1.0525401412638522"
"14.769780226721267","1.053140271684832"
"14.858063606556785","1.0537420854614568"
"14.946178176591753","1.0543455573765081"
"15.034124581181649","1.0549506623573084"
"15.121903460998563","1.0555573754746173"
"15.209515453059252","1.0561656719415398"
"15.29696119075292","1.0567755271124442"
"15.384241303868748","1.0573869164818905"
"15.47135641862315","1.057999815683569"
"15.558307157686782","1.0586142004892485"
"15.645094140211286","1.0592300468077342"
"15.731717981855795","1.0598473306838374"
"15.818179294813168","1.0604660282973521"
"15.90447868783601","1.0610861159620428"
"15.990616766262415","1.061707570124642"
"16.076594132041492","1.0623303673638556"
"16.16241138375865","1.0629544843893797"
"16.24806911666062","1.0635798980409243"
"16.3335679226803","1.0642065852872482"
"16.418908390461308","1.0648345232252008"
"16.50409110538235","1.0654636890787743"
"16.58911664958135","1.0660940601981643"
"16.673985601979343","1.0667256140588386"
"16.758698538304177","1.067358328260615"
"16.843256031113977","1.0679921805267474"
"16.92765864982039","1.0686271487030206"
"17.011906960711634","1.0692632107568527"
"17.09600152697532","1.0699003447764066"
"17.17994290872109","1.070538528969709"
"17.26373166300301","1.071177741663777"
"17.34736834384179","1.0718179613037546"
"17.430853502246805","1.072459166452054"
"17.51418768623789","1.0731013357875072"
"17.597371440866958","1.0737444481045249"
"17.68040530823943","1.074388482312261"
"17.763289827535438","1.0750334174337874"
"17.846025535030883","1.0756792326052749"
"17.92861296411826","1.0763259070751807"
"18.011052645327332","1.0769734202034442"
"18.093345106345602","1.0776217514606905"
"18.17549087203859","1.0782708804274392"
"18.257490464469967","1.0789207867933222"
"18.33934440292147","1.0795714503563067"
"18.421053203912656","1.0802228510219272"
"18.502617381220492","1.0808749688025219"
"18.58403744589875","1.0815277838164776"
"18.665313906297257","1.0821812762874807"
"18.74644726808094","1.082835426543775"
"18.827438034248736","1.083490215017425"
"18.90828670515233","1.084145622243588"
"18.988993778514704","1.0848016288597895"
"19.069559749448555","1.0854582156052077"
"19.14998511047453","1.0861153633199627"
"19.230270351539318","1.0867730529444124"
"19.310415960033577","1.0874312655184541"
"19.390422420809696","1.0880899821808332"
"19.47029021619942","1.0887491841684565"
"19.55001982603131","1.0894088528157126"
"19.629611727648058","1.0900689695537977"
"19.709066395923653","1.090729515910047"
"19.788384303280395","1.0913904735072724"
"19.867565919705758","1.0920518240631059"
"19.94661171276912","1.0927135493893474"
"20.02552214763835","1.0933756313913203"
"20.10429768709623","1.0940380520672304"
"20.182938791556776","1.0947007935075317"
"20.261445919081375","1.0953638378942974"
"20.339819525394823","1.096027167500595"
"20.418060063901205","1.0966907646898694"
"20.49616798569964","1.097354611915328"
"20.574143739599908","1.098018691719333"
"20.651987772137932","1.0986829867327996"
"20.729700527591127","1.0993474796745963"
"20.807282447993632","1.1000121533509533"
"20.884733973151405","1.1006769906548741"
"20.96205554065719","1.1013419745655528"
"21.03924758590536","1.1020070881477961"
"21.116310542106653","1.10267231455145"
"21.193244840302743","1.1033376370108314"
"21.270050909380736","1.1040030388441646"
"21.346729176087514","1.104668503453022"
"21.423280065043976","1.1053340143217703"
"21.499703998759152","1.1059995550170205"
"21.576001397644205","1.1066651091870827"
"21.652172680026315","1.1073306605614257"
"21.72821826216244","1.1079961929501405"
"21.804138558252987","1.108661690243409"
"21.87993398045534","1.1093271364109762"
"21.955604938897306","1.1099925155016277"
"22.031151841690427","1.1106578116426702"
"22.106575094943192","1.111323009039418"
"22.18187510277415","1.1119880919746814"
"22.257052267324898","1.1126530448082623"
"22.332106988772978","1.1133178519764508"
"22.407039665344666","1.1139824979915278"
"22.481850693327644","1.1146469674412713"
"22.55654046708359","1.1153112449884668"
"22.631109379060646","1.1159753153704204"
"22.70555781980581","1.116639163398478"
"22.7798861779772","1.117302773957547"
"22.854094840356225","1.1179661320056213"
"22.92818419185969","1.1186292225733123"
"23.00215461555175","1.119292030763381"
"23.076006492655818","1.1199545417502756"
"23.14974020256635","1.1206167407796734"
"23.22335612286053","1.1212786131680235"
"23.29685462930989","1.121940144302096"
"23.37023609589182","1.122601319638534"
"23.44350089480097","1.1232621247034087"
"23.516649396460604","1.1239225450917778"
"23.589681969533814","1.1245825664672482"
"23.66259898093469","1.1252421745615424"
"23.735400795839368","1.1259013551740666"
"23.808087777697015","1.1265600941714848"
"23.880660288240705","1.1272183774872935"
"23.953118687498225","1.127876191121402"
"24.025463333802804","1.1285335211397145"
"24.09769458380373","1.129190353673717"
"24.1698127924769","1.1298466749200649"
"24.241818313135305","1.130502471140177"
"24.313711497439392","1.1311577286598304"
"24.385492695407386","1.1318124338687594"
"24.45716225542551","1.132466573220257"
"24.528720524258116","1.1331201332307808"
"24.600167847057776","1.1337731004795597"
"24.67150456737525","1.1344254616082066"
"24.742731027169405","1.135077203320331"
"24.813847566817042","1.1357283123811568"
"24.884854525122666","1.1363787756171426"
"24.95575223932816","1.137028579915604"
"25.026541045122393","1.1376777122243398"
"25.09722127665076","1.1383261595512608"
"25.167793266524644","1.1389739089640212"
"25.238257345830796","1.1396209475896528"
"25.30861384414067","1.1402672626142032"
"25.378863089519648","1.1409128412823741"
"25.449005408536234","1.1415576708971655"
"25.519041126271148","1.1422017388195205"
"25.588970566326374","1.142845032467973"
"25.658794050834114","1.1434875393182997"
"25.728511900465705","1.144129246903172"
"25.79812443444044","1.1447701428118136"
"25.867631970534333","1.1454102146896574"
"25.937034825088837","1.1460494502380085"
"26.00633331301946","1.1466878372137068"
"26.075527747824342","1.1473253634287939"
"26.144618441592762","1.1479620167501814"
"26.213605705013574","1.1485977850993225"
"26.282489847383598","1.1492326564518858"
"26.35127117661592","1.1498666188374314"
"26.419949999248164","1.1504996603390893"
"26.488526620450667","1.151131769093241"
"26.557001344034624","1.1517629332892019"
"26.62537447246015","1.1523931411689077"
"26.693646306844304","1.1530223810266025"
"26.761817146969022","1.153650641208529"
"26.82988729128903","1.154277910112621"
"26.897857036939662","1.1549041761881986"
"26.965726679744655","1.155529427935665"
"27.033496514223856","1.156153653906206"
"27.101166833600885","1.1567768427014922"
"27.168737929810753","1.157398982973382"
"27.2362100935074","1.1580200634236277"
"27.303583614071197","1.1586400728035844"
"27.3708587796164","1.1592589999139191"
"27.438035876998505","1.1598768336043241"
"27.505115191821616","1.1604935627732305"
"27.572097008445702","1.1611091763675256"
"27.638981609993838","1.1617236633822712"
"27.705769278359366","1.1623370128604238"
"27.772460294213026","1.162949213892558"
"27.83905493701003","1.1635602556165905"
"27.905553484997068","1.1641701272175078"
"27.971956215219297","1.1647788179270935"
"28.038263403527246","1.1653863170236596"
"28.10447532458369","1.165992613831779"
"28.17059225187046","1.1665976977220203"
"28.236614457695236","1.167201558110683"
"28.30254221319825","1.167804184459537"
"28.368375788358968","1.1684055662755624"
"28.434115452002715","1.1690056931106905"
"28.499761471807258","1.169604554561549"
"28.565314114309338","1.170202140269207"
"28.63077364491115","1.1707984399189224"
"28.696140327886795","1.1713934432398911"
"28.761414426388658","1.1719871400049982"
"28.82659620245377","1.1725795200305704"
"28.891685917010122","1.1731705731761313"
"28.956683829882895","1.1737602893441565"
"29.021590199800702","1.1743486584798333"
"29.086405284401753","1.1749356705708183"
"29.151129340239976","1.1755213156470001"
"29.215762622791114","1.1761055837802625"
"29.280305386458764","1.1766884650842482"
"29.34475788458037","1.177269949714126"
"29.409120369433193","1.177850027866358"
"29.473393092240222","1.1784286897784704"
"29.53757630317605","1.179005925728824"
"29.601670251372713","1.1795817260363861"
"29.66567518492548","1.180156081060507"
"29.72959135089861","1.180728981200694"
"29.793418995331066","1.1813004168963899"
"29.85715836324219","1.1818703786267517"
"29.920809698637328","1.1824388569104316"
"29.98437324451345","1.1830058423053584"
"30.047849242864682","1.1835713254085218"
"30.11123793468785","1.184135296855757"
"30.17453955998794","1.1846977473215312"
"30.23775435778356","1.1852586675187324"
"30.300882566112335","1.185818048198458"
"30.363924422036277","1.1863758801498057"
"30.42688016164713","1.186932154199667"
"30.489750020071654","1.1874868612125193"
"30.55253423147689","1.188039992090223"
"30.61523302907539","1.1885915377718157"
"30.677846645130398","1.1891414892333125"
"30.740375310961003","1.1896898374875042"
"30.802819256947274","1.1902365735837577"
"30.86517871253532","1.1907816886078184"
"30.92745390624237","1.191325173681614"
"30.98964506566175","1.1918670199630583"
"31.05175241746791","1.1924072186458585"
"31.11377618742133","1.192945760959321"
"31.175716600373466","1.1934826381681614"
"31.23757388027162","1.1940178415723133"
"31.29934825016379","1.19455136250674"
"31.361039932203482","1.1950831923412477"
"31.42264914765451","1.1956133224802976"
"31.484176116895732","1.196141744362822"
"31.54562105942578","1.1966684494620403"
"31.60698419386775","1.1971934292852764"
"31.668265737973854","1.197716675373777"
"31.729465908630058","1.1982381793025316"
"31.790584921860663","1.1987579326800943"
"31.85162299283289","1.1992759271484046"
"31.912580335861403","1.1997921543826118"
"31.973457164412817","1.2003066060908991"
"32.03425369111018","1.20081927401431"
"32.09497012773741","1.2013301499265743"
"32.155606685243725","1.2018392256339365"
"32.21616357374802","1.2023464929749852"
"32.27664100254323","1.202851943820483"
"32.33703918010067","1.2033555700731977"
"32.39735831407432","1.2038573636677357"
"32.457598611305116","1.2043573165703743"
"32.51776027782519","1.2048554207788975"
"32.57784351886209","1.2053516683224312"
"32.63784853884297","1.20584605126128"
"32.69777554139875","1.2063385616867652"
"32.75762472936826","1.2068291917210638"
"32.81739630480236","1.2073179335170483"
"32.877090468967985","1.2078047792581277"
"32.93670742235226","1.2082897211580899"
"32.996247364666466","1.2087727514609443"
"33.05571049485011","1.2092538624407665"
"33.11509701107485","1.2097330464015428"
"33.17440711074848","1.2102102956770162"
"33.23364099051886","1.2106856026305344"
"33.292798846277776","1.2111589596548966"
"33.35188087316488","1.2116303591722035"
"33.4108872655715","1.212099793633707"
"33.469818217144486","1.2125672555196612"
"33.52867392079","1.213032737339174"
"33.5874545686773","1.2134962316300604"
"33.64616035224252","1.213957730958696"
"33.704791462192354","1.2144172279198722"
"33.76334808850781","1.214874715136651"
"33.82183042044787","1.2153301852602225"
"33.88023864655314","1.2157836309697618"
"33.93857295464952","1.2162350449722874"
"33.996833531851806","1.216684420002521"
"34.055020564567265","1.217131748822747"
"34.113134238499214","1.2175770242226744"
"34.17117473865058","1.2180202390192973"
"34.22914224932741","1.2184613860567595"
"34.28703695414237","1.2189004582062166"
"34.34485903601824","1.2193374483657018"
"34.40260867719137","1.2197723494599901"
"34.46028605921508","1.2202051544404655"
"34.51789136296314","1.2206358562849873"
"34.57542476863312","1.2210644479977586"
"34.63288645574977","1.2214909226091946"
"34.69027660316837","1.221915273175792"
"34.74759538907808","1.2223374927800001"
"34.80484299100521","1.222757574530091"
"34.862019585816554","1.223175511560032"
"34.91912534972264","1.2235912970293588"
"34.97616045828097","1.224004924123048"
"35.03312508639927","1.2244163860513921"
"35.09001940833866","1.2248256760498746"
"35.14684359771691","1.2252327873790456"
"35.20359782751154","1.2256377133243985"
"35.260282270062994","1.2260404471962476"
"35.3168970970778","1.2264409823296059"
"35.373442479631635","1.2268393120840642"
"35.429918588172455","1.2272354298436705"
"35.48632559252354","1.2276293290168108"
"35.54266366188657","1.2280210030360899"
"35.59893296484465","1.228410445358213"
"35.65513366936532","1.228797649463869"
"35.71126594280358","1.2291826088576132"
"35.767329951904834","1.229565317067751"
"35.823325862807884","1.229945767646223"
"35.87925384104786","1.230323954168491"
"35.93511405155916","1.2306998702334224"
"35.990906658678334","1.231073509463179"
"36.04663182614699","1.231444865503103"
"36.10228971711468","1.2318139320216053"
"36.157880494141736","1.2321807027100549"
"36.21340431920212","1.2325451712826683"
"36.26886135368624","1.232907331476399"
"36.32425175840377","1.233267177050829"
"36.37957569358641","1.23362470178806"
"36.434833318890696","1.2339798994926052"
"36.49002479340072","1.2343327639912829"
"36.54515027563089","1.2346832891331092"
"36.60020992352864","1.2350314687891921"
"36.65520389447715","1.2353772968526266"
"36.710132345298014","1.2357207672383894"
"36.76499543225394","1.2360618738832354"
"36.81979331105139","1.236400610745594"
"36.87452613684323","1.2367369718054664"
"36.92919406423135","1.2370709510643227"
"36.98379724726928","1.2374025425450017"
"37.03833583946478","1.2377317402916084"
"37.09280999378243","1.2380585383694145"
"37.14721986264619","1.2383829308647583"
"37.201565597941936","1.2387049118849451"
"37.25584735102002","1.2390244755581497"
"37.31006527269778","1.2393416160333168"
"37.364219513262015","1.2396563274800645"
"37.41831022247153","1.2399686040885873"
"37.47233754955958","1.2402784400695597"
"37.52630164323634","1.2405858296540397"
"37.58020265169131","1.240890767093375"
"37.63404072259583","1.2411932466591071"
"37.68781600310542","1.2414932626428778"
"37.74152863986223","1.2417908093563355"
"37.795178778997425","1.2420858811310418"
"37.848766566133534","1.24237847231838"
"37.90229214638684","1.242668577289462"
"37.95575566436972","1.2429561904350375"
"38.00915726419297","1.2432413061654037"
"38.06249708946815","1.2435239189103138"
"38.11577528330987","1.2438040231188878"
"38.16899198833811","1.2440816132595232"
"38.222147346680444","1.244356683819806"
"38.27524149997439","1.2446292293064227"
"38.32827458936961","1.2448992442450726"
"38.381246755530164","1.24516672318038"
"38.43415813863675","1.245431660675808"
"38.48700887838889","1.245694051313572"
"38.53979911400719","1.2459538896945537"
"38.59252898423547","1.2462111704382164"
"38.64519862734299","1.2464658881825201"
"38.6978081811266","1.2467180375838367"
"38.75035778291286","1.2469676133168666"
"38.80284756956024","1.2472146100745551"
"38.85527767746123","1.24745902256801"
"38.90764824254443","1.247700845526419"
"38.95995940027669","1.247940073696967"
"39.012211285665174","1.2481767018447563"
"39.064404033259464","1.2484107247527239"
"39.11653777715363","1.2486421372215621"
"39.16861265098828","1.248870934069638"
"39.22062878795259","1.2490971101329136"
"39.27258632078638","1.2493206602648672"
"39.3244853817821","1.2495415793364142"
"39.37632610278685","1.2497598622358292"
"39.4281086152044","1.249975503868668"
"39.47983304999716","1.25018849915769"
"39.53149953768817","1.2503988430427813"
"39.58310820836306","1.2506065304808784"
"39.634659191672","1.250811556445892"
"39.68615261683167","1.2510139159286309"
"39.737588612627164","1.2512136039367274"
"39.78896730741394","1.2514106154945621"
"39.84028882911971","1.2516049456431892"
"39.891553305246354","1.2517965894402634"
"39.94276086287183","1.251985541959965"
"39.99391162865201","1.252171798292928"
"40.045005728822595","1.252355353546166"
"40.096043289200956","1.2525362028430016"
"40.14702443518798","1.2527143413229926"
"40.19794929176992","1.2528897641418615"
"40.24881798352023","1.2530624664714236"
"40.299630634601364","1.2532324434995172"
"40.3503873687666","1.2533996904299325"
"40.40108830936183","1.2535642024823415"
"40.45173357932738","1.2537259748922287"
"40.50232330119975","1.2538850029108217"
"40.5528575971134","1.2540412818050226"
"40.60333658880252","1.254194806857339"
"40.65376039760277","1.2543455733658164"
"40.70412914445302","1.2544935766439704"
"40.7544429498971","1.254638812020719"
"40.804701934085486","1.254781274840316"
"40.85490621677706","1.2549209604622837"
"40.90505591734077","1.255057864261348"
"40.95515115475735","1.2551919816273707"
"41.005192047621016","1.2553233079652855"
"41.05517871414109","1.2554518386950317"
"41.10511127214374","1.2555775692514903"
"41.154989839073565","1.2557004950844188"
"41.204814531995304","1.2558206116583874"
"41.25458546759544","1.2559379144527152"
"41.304302762183845","1.2560523989614065"
"41.353966531695406","1.2561640606930882"
"41.40357689169162","1.2562728951709465"
"41.45313395736222","1.2563788979326649"
"41.502637843526756","1.2564820645303616"
"41.552088664636194","1.2565823905305284"
"41.601486534774494","1.256679871513969"
"41.65083156766018","1.256774503075738"
"41.70012387664788","1.2568662808250795"
"41.74936357472993","1.2569552003853672"
"41.798550774537865","1.257041257394045"
"41.84768558834401","1.257124447502566"
"41.896768128062945","1.2572047663763335"
"41.945798505253094","1.2572822096946419"
"41.99477683111819","1.257356773150618"
"42.043703216508796","1.2574284524511619"
"42.092577771923814","1.2574972433168894"
"42.141400607511954","1.257563141482074"
"42.19017183307323","1.2576261426945892"
"42.23889155806042","1.2576862427158508"
"42.28755989158055","1.2577434373207608"
"42.33617694239633","1.2577977222976497"
"42.38474281892762","1.2578490934482212"
"42.43325762925288","1.2578975465874949"
"42.481721481110576","1.2579430775437517"
"42.53013448190063","1.2579856821584774"
"42.57849673868584","1.258025356286308"
"42.62680835819329","1.2580620957949744"
"42.67506944681573","1.2580958965652485"
"42.72328011061304","1.2581267544908876"
"42.77144045531353","1.2581546654785818"
"42.8195505863154","1.258179625447899"
"42.86761060868808","1.258201630331232"
"42.9156206271736","1.2582206760737453"
"42.96358074618796","1.2582367586333223"
"43.011491069822476","1.258249873980512"
"43.059351701845145","1.258260018098477"
"43.10716274570197","1.258267186982942"
"43.15492430451829","1.258271376642141"
"43.20263648110012","1.2582725830967658"
"43.25029937793547","1.2582708023799154"
"43.29791309719564","1.2582660305370443"
"43.345477740736555","1.2582582636259123"
"43.39299341010004","1.2582474977165334"
"43.44046020651512","1.258233728891126"
"43.48787823089931","1.2582169532440626"
"43.535247583859906","1.25819716688182"
"43.58256836569523","1.25817436592293"
"43.629840676395915","1.2581485464979312"
"43.67706461564617","1.2581197047493176"
"43.724240282825","1.258087836831492"
"43.77136777700751","1.2580529389107171"
"43.8184471969661","1.2580150071650664"
"43.865478641171705","1.257974037784377"
"43.912462207795045","1.2579300269702023"
"43.95939799470783","1.2578829709357633"
"44.00628609948397","1.2578328659059022"
"44.05312661940082","1.257779708117035"
"44.099919651440324","1.2577234938171054"
"44.146665292290265","1.2576642192655372"
"44.19336363834543","1.2576018807331892"
"44.2400147857088","1.2575364745023083"
"44.286618830192744","1.2574679968664841"
"44.333175867320165","1.2573964441306031"
"44.37968599232568","1.2573218126108032"
"44.4261493001568","1.257244098634429"
"44.47256588547505","1.257163298539987"
"44.51893584265714","1.2570794086771002"
"44.56525926579612","1.2569924254064642"
"44.61153624870249","1.256902345099803"
"44.65776688490536","1.256809164139825"
"44.703951267653544","1.2567128789201785"
"44.75008948991672","1.2566134858454094"
"44.79618164438651","1.2565109813309172"
"44.842227823477614","1.2564053618029116"
"44.888228119328915","1.25629662369837"
"44.93418262380456","1.2561847634649943"
"44.980091428495065","1.2560697775611698"
"45.0259546247184","1.255951662455921"
"45.07177230352108","1.2558304146288712"
"45.11754455567922","1.2557060305701997"
"45.16327147169964","1.2555785067806002"
"45.2089531418209","1.2554478397712403"
"45.25458965601438","1.255314026063719"
"45.30018110398534","1.2551770621900264"
"45.34572757517394","1.255036944692503"
"45.391229158756325","1.2548936701237985"
"45.43668594364565","1.2547472350468323"
"45.4820980184931","1.2545976360347524"
"45.52746547168894","1.2544448696708959"
"45.572788391363545","1.2542889325487487"
"45.618066865388386","1.254129821271907"
"45.663300981377084","1.2539675324540362"
"45.7084908266864","1.253802062718833"
"45.75363648841724","1.2536334086999863"
"45.798738053415676","1.2534615670411373"
"45.8437956082739","1.2532865343958421"
"45.888809239331266","1.2531083074275327"
"45.93377903267523","1.2529268828094782"
"45.97870507414236","1.252742257224748"
"46.0235874493193","1.2525544273661726"
"46.06842624354375","1.252363389936307"
"46.1132215419054","1.2521691416473917"
"46.157973429246965","1.2519716792213174"
"46.202681990165054","1.2517709993895858"
"46.24734730901118","1.2515670988932743"
"46.2919694698927","1.251359974482998"
"46.33654855667373","1.2511496229188732"
"46.381084652976135","1.2509360409704822"
"46.42557784218041","1.2507192254168351"
"46.470028207426644","1.2504991730463355"
"46.51443583161542","1.2502758806567436"
"46.55880079740878","1.2500493450551402"
"46.60312318723108","1.249819563057892"
"46.64740308326994","1.249586531490616"
"46.691640567477165","1.2493502471881437"
"46.735835721569615","1.2491107069944865"
"46.77998862703012","1.2488679077628007"
"46.824099365108374","1.248621846355353"
"46.86816801682182","1.2483725196434854"
"46.912194662956544","1.2481199245075816"
"46.95617938406816","1.247864057837032"
"47.00012226048266","1.2476049165302001"
"47.044023372297346","1.2473424974943887"
"47.087882799381624","1.2470767976458057"
"47.13170062137793","1.2468078139095307"
"47.17547691770256","1.2465355432194818"
"47.21921176754655","1.2462599825183824"
"47.26290524987648","1.245981128757728"
"47.30655744343541","1.2456989788977528"
"47.35016842674362","1.2454135299073976"
"47.39373827809955","1.245124778764277"
"47.43726707558055","1.2448327224546463"
"47.48075489704378","1.2445373579733705"
"47.52420182012701","1.244238682323891"
"47.567607922249444","1.2439366925181936"
"47.61097328061254","1.2436313855767778"
"47.65429797220085","1.2433227585286235"
"47.697582073782804","1.2430108084111609"
"47.74082566191153","1.242695532270238"
"47.78402881292567","1.24237692716009"
"47.82719160295017","1.242054990143308"
"47.870314107897094","1.2417297182908078"
"47.91339640346639","1.2414011086817995"
"47.95643856514672","1.2410691584037568"
"47.99944066821621","1.2407338645523855"
"48.04240278774326","1.240395224231595"
"48.0853249985873","1.2400532345534663"
"48.12820737539962","1.2397078926382226"
"48.17104999262405","1.2393591956141994"
"48.213852924497814","1.2390071406178147"
"48.256616245052264","1.2386517247935391"
"48.29934002811364","1.2382929452938665"
"48.34202434730382","1.2379307992792843"
"48.3846692760411","1.2375652839182445"
"48.42727488754093","1.2371963963871346"
"48.46984125481666","1.2368241338702484"
"48.512368450680285","1.2364484935597568"
"48.5548565477432","1.2360694726556802"
"48.59730561841692","1.235687068365859"
"48.639715734913814","1.2353012779059247"
"48.68208696924787","1.2349120984992732"
"48.72441939323537","1.2345195273770346"
"48.76671307849566","1.234123561778047"
"48.80896809645184","1.2337241989488272"
"48.8511845183315","1.2333214361435434"
"48.89336241516743","1.2329152706239876"
"48.93550185779832","1.232505699659548"
"48.977602916869486","1.2320927205271817"
"49.01966566283356","1.2316763305113867"
"49.061690165951205","1.231256526904176"
"49.1036764962918","1.230833307005049"
"49.14562472373414","1.230406668120966"
"49.187534917967135","1.2299766075663205"
"49.22940714849049","1.229543122662913"
"49.27124148461539","1.229106210739924"
"49.31303799546519","1.2286658691338879"
"49.35479674997608","1.2282220951886667"
"49.3965178168978","1.2277748862554236"
"49.438201264794245","1.2273242396925972"
"49.47984716204421","1.2268701528658752"
"49.521455576842","1.2264126231481687"
"49.56302657719813","1.2259516479195867"
"49.60456023093997","1.22548722456741"
"49.646056605712396","1.2250193504860662"
"49.68751576897847","1.2245480230771044"
"49.72893778802008","1.2240732397491694"
"49.77032272993858","1.223594997917977"
"49.811670661655434","1.2231132950062886"
"49.85298164991289","1.222628128443887"
"49.89425576127459","1.2221394956675504"
"49.93549306212623","1.221647394121029"
"49.97669361867615","1.2211518212550196"
"50.01785749695605","1.2206527745271414"
"50.058984762821524","1.2201502514019118"
"50.10007548195276","1.2196442493507216"
"50.141129719855115","1.2191347658518115"
"50.182147541859784","1.2186217983902479"
"50.223129013124364","1.2181053444578986"
"50.26407419863351","1.2175854015534096"
"50.30498316319952","1.2170619671821803"
"50.34585597146299","1.2165350388563416"
"50.38669268789335","1.2160046140947312"
"50.42749337678955","1.2154706904228698"
"50.468258102280586","1.2149332653729394"
"50.50898692832615","1.2143923364837588"
"50.549679918717224","1.2138479013007606"
"50.59033713707664","1.213299957375969"
"50.63095864685969","1.2127485022679765"
"50.671544511354746","1.2121935335419205"
"50.71209479368379","1.2116350487694618"
"50.75260955680304","1.2110730455287613"
"50.793088863503506","1.2105075214044574"
"50.833532776411595","1.2099384739876444"
"50.87394135798966","1.2093659008758495"
"50.914314670536584","1.2087897996730106"
"50.954652776188354","1.2082101679894548"
"50.994955736918634","1.2076270034418761"
"51.03522361453931","1.2070403036533133"
"51.075456470701084","1.2064500662531288"
"51.115654366894006","1.2058562888769861"
"51.15581736444805","1.2052589691668292"
"51.19594552453366","1.2046581047708602"
"51.23603890816233","1.2040536933435184"
"51.276097576187105","1.2034457325454588"
"51.31612158930319","1.202834220043531"
"51.35611100804844","1.2022191535107576"
"51.396065892803946","1.2016005306263144"
"51.43598630379456","1.2009783490755082"
"51.47587230108943","1.2003526065497563"
"51.515723944602556","1.1997233007465662"
"51.5555412940933","1.1990904293695142"
"51.595324409166935","1.1984539901282254"
"51.635073349275174","1.1978139807383532"
"51.674788173716685","1.1971703989215585"
"51.71446894163764","1.1965232424054897"
"51.754115712032224","1.1958725089237625"
"51.79372854374314","1.1952181962159398"
"51.83330749546218","1.1945603020275113"
"51.872852625730665","1.1938988241098738"
"51.91236399294004","1.1932337602203114"
"51.951841655332316","1.1925651081219757"
"51.99128567100064","1.1918928655838663"
"52.03069609788976","1.1912170303808105"
"52.07007299379654","1.1905376002934445"
"52.1094164163705","1.1898545731081935"
"52.14872642311425","1.1891679466172527"
"52.188003071384045","1.1884777186185675"
"52.227246418390266","1.1877838869158153"
"52.2664565211979","1.187086449318385"
"52.30563343672707","1.1863854036413595"
"52.344777221753475","1.1856807477054954"
"52.38388793290892","1.184972479337205"
"52.42296562668179","1.1842605963685369"
"52.46201035941752","1.1835450966371581"
"52.50102218731911","1.1828259779863348"
"52.54000116644757","1.182103238264914"
"52.57894735272242","1.1813768753273046"
"52.61786080192218","1.1806468870334599"
"52.65674156968478","1.1799132712488587"
"52.695589711508134","1.1791760258444874"
"52.73440528275052","1.1784351486968214"
"52.7731883386311","1.1776906376878076"
"52.811938934230355","1.1769424907048456"
"52.850657124490574","1.1761907056407708"
"52.88934296421631","1.1754352803938357"
"52.92799650807484","1.1746762128676929"
"52.96661781059662","1.1739135009713766"
"53.00520692617573","1.1731471426192857"
"53.04376390907038","1.1723771357311656"
"53.08228881340328","1.1716034782320914"
"53.12078169316218","1.1708261680524503"
"53.159242602200244","1.1700452031279238"
"53.19767159423655","1.169260581399471"
"53.236068722856515","1.1684723008133113"
"53.27443404151233","1.1676803593209075"
"53.31276760352342","1.1668847548789483"
"53.35106946207687","1.1660854854493314"
"53.389339670227876","1.1652825489991474"
"53.42757828090017","1.164475943500662"
"53.46578534688646","1.1636656669312997"
"53.50396092084887","1.1628517172736272"
"53.54210505531934","1.162034092515337"
"53.5802178027001","1.1612127906492298"
"53.61829921526407","1.1603878096731997"
"53.656349345155284","1.159559147590216"
"53.69436824438934","1.1587268024083088"
"53.732355964853774","1.1578907721405511"
"53.77031255830854","1.1570510548050437"
"53.80823807638638","1.156207648424898"
"53.84613257059327","1.1553605510282212"
"53.88399609230881","1.1545097606480996"
"53.921828692786676","1.1536552753225828"
"53.95963042315499","1.1527970930946676"
"53.99740133441676","1.1519352120122828"
"54.03514147745025","1.151069630128273"
"54.07285090300946","1.1502003455003833"
"54.110529661724456","1.1493273561912432"
"54.1481778041018","1.1484506602683515"
"54.185795380524965","1.1475702558040608"
"54.22338244125473","1.1466861408755622"
"54.26093903642956","1.1457983135648695"
"54.298465216066035","1.1449067719588044"
"54.3359610300592","1.144011514148981"
"54.37342652818301","1.1431125382317913"
"54.41086176009069","1.1422098423083888"
"54.44826677531513","1.1413034244846754"
"54.48564162326929","1.1403932828712842"
"54.52298635324655","1.1394794155835666"
"54.56030101442116","1.1385618207415762"
"54.59758565584854","1.1376404964700546"
"54.63484032646575","1.1367154408984168"
"54.6720650750918","1.135786652160736"
"54.70925995042808","1.1348541283957294"
"54.7464250010587","1.1339178677467436"
"54.78356027545089","1.1329778683617402"
"54.82066582195537","1.1320341283932813"
"54.85774168880673","1.1310866459985152"
"54.89478792412378","1.1301354193391622"
"54.93180457590995","1.1291804465814999"
"54.968791692053635","1.1282217258963496"
"55.005749320328576","1.1272592554590621"
"55.04267750839421","1.1262930334495034"
"55.079576303796074","1.1253230580520408"
"55.11644575396612","1.124349327455529"
"55.1532859062231","1.123371839853296"
"55.19009680777293","1.1223905934431295"
"55.226878505709045","1.1214055864272636"
"55.26363104701275","1.1204168170123638"
"55.30035447855358","1.1194242834095147"
"55.33704884708966","1.1184279838342053"
"55.37371419926805","1.1174279165063163"
"55.4103505816251","1.1164240796501064"
"55.446958040586814","1.115416471494198"
"55.48353662246917","1.1144050902715654"
"55.520086373478485","1.1133899342195201"
"55.556607339711775","1.1123710015796981"
"55.59309956715707","1.1113482905980465"
"55.629563101693776","1.1103217995248107"
"55.66599798909302","1.1092915266145207"
"55.70240427501798","1.1082574701259786"
"55.738782005024234","1.107219628322245"
"55.77513122456008","1.106177999470627"
"55.8114519789669","1.1051325818426636"
"55.84774431347948","1.1040833737141151"
"55.88400827322634","1.1030303733649485"
"55.92024390323008","1.1019735790793252"
"55.956451248407696","1.100912989145589"
"55.992630353570924","1.0998486018562526"
"56.028781263426566","1.098780415507985"
"56.06490402257681","1.0977084284015997"
"56.10099867551957","1.0966326388420418"
"56.13706526664879","1.095553045138375"
"56.1731038402548","1.0944696456037704"
"56.209114440524594","1.093382438555493"
"56.2450971115422","1.0922914223148903"
"56.28105189728896","1.091196595207379"
"56.31697884164388","1.090097955562434"
"56.35287798838392","1.0889955017135753"
"56.38874938118434","1.0878892319983564"
"56.424593063618985","1.0867791447583524"
"56.46040907916061","1.0856652383391472"
"56.49619747118121","1.0845475110903224"
"56.53195828295231","1.083425961365445"
"56.567691557645276","1.0823005875220553"
"56.60339733833164","1.0811713879216558"
"56.63907566798339","1.0800383609296988"
"56.674726589473295","1.0789015049155748"
"56.71035014557519","1.0777608182526008"
"56.7459463789643","1.076616299318009"
"56.78151533221752","1.0754679464929349"
"56.817057047813755","1.0743157581624057"
"56.85257156813417","1.0731597327153288"
"56.888058935462524","1.0719998685444811"
"56.92351919198548","1.0708361640464965"
"56.958952379792855","1.0696686176218553"
"56.99435854087796","1.0684972276748723"
"57.029737717137884","1.0673219926136863"
"57.065089950373775","1.066142910850248"
"57.10041528229114","1.0649599808003094"
"57.13571375450014","1.0637732008834127"
"57.17098540851588","1.0625825695228788"
"57.20623028575871","1.0613880851457966"
"57.241448427554474","1.060189746183012"
"57.27663987513484","1.0589875510691167"
"57.311804669637574","1.0577814982424372"
"57.346942852106814","1.0565715861450244"
"57.38205446349336","1.0553578132226424"
"57.417139544654965","1.054140177924758"
"57.4521981363566","1.0529186787045293"
"57.487230279270754","1.0516933140187958"
"57.522236013977704","1.0504640823280673"
"57.557215380965786","1.0492309820965136"
"57.592168420631694","1.047994011791953"
"57.62709517328073","1.0467531698858434"
"57.661995679127095","1.04550845485327"
"57.696869978294174","1.0442598651729362"
"57.73171811081478","1.0430073993271527"
"57.76654011663146","1.0417510558018266"
"57.80133603559674","1.0404908330864522"
"57.8361059074734","1.0392267296740996"
"57.870849771934765","1.037958744061405"
"57.905567668564935","1.0366868747485607"
"57.94025963685908","1.0354111202393042"
"57.97492571622372","1.0341314790409089"
"58.00956594597695","1.0328479496641731"
"58.04418036534873","1.031560530623411"
"58.07876901348114","1.0302692204364416"
"58.11333192942866","1.0289740176245799"
"58.14786915215839","1.0276749207126255"
"58.18238072055037","1.0263719282288537"
"58.21686667339778","1.025065038705006"
"58.251327049407244","1.0237542506762791"
"58.28576188719906","1.0224395626813159"
"58.32017122530746","1.0211209732621955"
"58.35455510218088","1.0197984809644238"
"58.3889135561822","1.0184720843369233"
"58.42324662558901","1.0171417819320239"
"58.45755434859384","1.015807572305453"
"58.49183676330444","1.0144694540163262"
"58.52609390774403","1.0131274256271374"
"58.560325819851506","1.01178148570375"
"58.594532537481754","1.0104316328153864"
"58.628714098405844","1.00907786553462"
"58.66287054031131","1.007720182437364"
"58.69700190080238","1.006358582102864"
"58.73110821740022","1.0049930631136872"
"58.7651895275432","1.0036236240557137"
"58.79924586858711","1.0022502635181272"
"58.83327727780541","1.0008729800934062"
"58.867283792389486","0.999491772377314"
"58.901265449448886","0.9981066389688903"
"58.935222286011545","0.9967175784704417"
"58.96915433902404","0.9953245894875329"
"59.003061645351806","0.9939276706289774"
"59.036944241779416","0.9925268205068287"
"59.070802165010775","0.9911220377363713"
"59.104635451669374","0.9897133209361118"
"59.138444138298524","0.9883006687277697"
"59.17222826136159","0.986884079736269"
"59.205987857242214","0.9854635525897294"
"59.239722962244564","0.9840390859194569"
"59.27343361259355","0.9826106783599355"
"59.30711984443507","0.9811783285488187"
"59.34078169383623","0.9797420351269202"
"59.37441919678555","0.9783017967382055"
"59.40803238919326","0.9768576120297837"
"59.44162130689144","0.9754094796518983"
"59.47518598563431","0.9739573982579188"
"59.50872646109843","0.9725013665043325"
"59.54224276888294","0.9710413830507355"
"59.575734944509755","0.9695774465598247"
"59.60920302342381","0.968109555697389"
"59.64264704099328","0.9666377091323011"
"59.676067032509806","0.9651619055365092"
"59.709463033188705","0.9636821435850284"
"59.742835078169186","0.9621984219559325"
"59.77618320251459","0.9607107393303461"
"59.80950744121259","0.9592190943924358"
"59.842807829175406","0.9577234858294021"
"59.87608440124004","0.9562239123314717"
"59.90933719216848","0.9547203725918887"
"59.942566236647906","0.9532128653069067"
"59.97577156929093","0.9517013891757813"
"60.008953224635775","0.9501859429007609"
"60.04211123714653","0.9486665251870796"
"60.075245641213314","0.947143134742949"
"60.10835647115253","0.9456157702795499"
"60.141443761207064","0.9440844305110248"
"60.17450754554646","0.9425491141544696"
"60.20754785826718","0.9410098199299262"
"60.240564733392794","0.9394665465603739"
"60.27355820487416","0.9379192927717225"
"60.306528306589676","0.9363680572928038"
"60.339475072345444","0.9348128388553641"
"60.37239853587552","0.9332536361940567"
"60.40529873084207","0.9316904480464335"
"60.438175690835614","0.9301232731529383"
"60.4710294493752","0.9285521102568982"
"60.50386003990864","0.9269769581045166"
"60.53666749581266","0.9253978154448655"
"60.56945185039316","0.9238146810298778"
"60.60221313688537","0.9222275536143397"
"60.63495138845407","0.9206364319558835"
"60.66766663819379","0.91904131481498"
"60.700358919129","0.9174422009549307"
"60.7330282642143","0.915839089141861"
"60.76567470633463","0.9142319781447124"
"60.798298278305474","0.912620866735235"
"60.83089901287304","0.9110057536879808"
"60.86347694271445","0.9093866377802956"
"60.89603210043795","0.9077635177923122"
"60.928564518583094","0.9061363925069432"
"60.961074229620934","0.9045052607098734"
"60.99356126595423","0.9028701211895528"
"61.02602565991761","0.9012309727371894"
"61.058467443777786","0.8995878141467423"
"61.09088664973375","0.897940644214914"
"61.12328330991692","0.896289461741144"
"61.15565745639139","0.894634265527601"
"61.18800912115405","0.8929750543791763"
"61.22033833613485","0.8913118271034771"
"61.252645133196914","0.8896445825108187"
"61.28492954413677","0.887973319414218"
"61.317191600684524","0.8862980366293866"
"61.34943133450404","0.8846187329747237"
"61.38164877719313","0.8829354072713095"
"61.41384396028373","0.8812480583428979"
"61.44601691524209","0.8795566850159099"
"61.47816767346896","0.8778612861194268"
"61.510296266299754","0.8761618604851835"
"61.542402725004756","0.8744584069475615"
"61.574487080789275","0.8727509243435823"
"61.60654936479384","0.8710394115129005"
"61.63858960809438","0.8693238672977978"
"61.67060784170238","0.867604290543175"
"61.702604096565096","0.8658806800965467"
"61.7345784035657","0.8641530348080342"
"61.76653079352347","0.8624213535303584"
"61.79846129719397","0.860685635118834"
"61.830369945269204","0.8589458784313626"
"61.86225676837783","0.8572020823284262"
"61.8941217970853","0.8554542456730806"
"61.925965061894026","0.8537023673309492"
"61.9577865932436","0.8519464461702162"
"61.989586421510914","0.8501864810616205"
"62.02136457701037","0.8484224708784491"
"62.053121089994015","0.8466544144965308"
"62.08485599065176","0.8448823107942297"
"62.116569309111505","0.8431061586524392"
"62.14826107543932","0.8413259569545753"
"62.179931319639635","0.8395417045865707"
"62.21158007165538","0.8377534004368681"
"62.24320736136818","0.8359610433964141"
"62.274813218598474","0.8341646323586532"
"62.30639767310576","0.8323641662195216"
"62.33796075458867","0.8305596438774406"
"62.369502492685214","0.8287510642333111"
"62.40102291697289","0.8269384261905067"
"62.432522056968885","0.8251217286548683"
"62.463999942130215","0.8233009705346976"
"62.495456601853896","0.8214761507407512"
"62.52689206547711","0.8196472681862343"
"62.55830636227735","0.8178143217867953"
"62.58969952147262","0.8159773104605189"
"62.621071572221545","0.814136233127921"
"62.65242254362357","0.8122910887119423"
"62.68375246471912","0.8104418761379423"
"62.71506136448971","0.8085885943336936"
"62.746349271858186","0.8067312422293759"
"62.777616215688795","0.8048698187575702"
"62.808862224787404","0.803004322853253"
"62.84008732790164","0.8011347534537901"
"62.87129155372104","0.7992611094989316"
"62.90247493087721","0.797383389930805"
"62.93363748794398","0.7955015936939105"
"62.96477925343757","0.7936157197351145"
"62.99590025581672","0.7917257670036443"
"63.027000523482876","0.7898317344510823"
"63.058080084780315","0.7879336210313603"
"63.08913896799631","0.7860314257007538"
"63.120177201361294","0.7841251474178763"
"63.15119481304898","0.7822147851436739"
"63.182191831176546","0.7803003378414195"
"63.21316828380477","0.7783818044767074"
"63.244124198938174","0.7764591840174475"
"63.2750596045252","0.7745324754338601"
"63.305974528458314","0.7726016776984698"
"63.33686899857422","0.7706667897861008"
"63.367743042653935","0.7687278106738707"
"63.398596688422984","0.7667847393411856"
"63.42942996355155","0.7648375747697342"
"63.46024289565459","0.7628863159434827"
"63.491035512292","0.7609309618486689"
"63.52180784096877","0.7589715114737978"
"63.5525599091351","0.7570079638096353"
"63.58329174418658","0.7550403178492031"
"63.614003373464314","0.7530685725877737"
"63.64469482425507","0.7510927270228647"
"63.675366123791406","0.7491127801542337"
"63.70601729925185","0.7471287309838729"
"63.736648377761","0.7451405785160042"
"63.7672593863897","0.7431483217570736"
"63.79785035215518","0.741151959715746"
"63.828421302021155","0.7391514914029003"
"63.85897226289802","0.7371469158316238"
"63.88950326164296","0.7351382320172077"
"63.92001432506009","0.7331254389771412"
"63.950505479900606","0.7311085357311068"
"63.98097675286292","0.7290875213009752"
"64.0114281705928","0.7270623947108"
"64.04185975968349","0.7250331549868131"
"64.07227154667588","0.722999801157419"
"64.10266355805861","0.7209623322531903"
"64.13303582026822","0.7189207473068624"
"64.1633883596893","0.7168750453533287"
"64.19372120265463","0.7148252254296353"
"64.22403437544526","0.7127712865749767"
"64.25432790429069","0.71071322783069"
"64.28460181536903","0.7086510482402506"
"64.31485613480706","0.7065847468492672"
"64.34509088868043","0.7045143227054765"
"64.37530610301377","0.7024397748587391"
"64.40550180378081","0.7003611023610338"
"64.43567801690452","0.6982783042664533"
"64.46583476825724","0.6961913796311993"
"64.49597208366085","0.6941003275135775"
"64.52608998888681","0.6920051469739932"
"64.55618850965641","0.6899058370749459"
"64.58626767164078","0.6878023968810253"
"64.61632750046113","0.6856948254589059"
"64.64636802168876","0.6835831218773428"
"64.67638926084531","0.6814672852071668"
"64.70639124340283","0.6793473145212796"
"64.73637399478388","0.6772232088946492"
"64.76633754036169","0.6750949674043053"
"64.79628190546032","0.6729625891293347"
"64.82620711535472","0.6708260731508766"
"64.8561131952709","0.6686854185521182"
"64.88600017038603","0.6665406244182895"
"64.9158680658286","0.6643916898366596"
"64.94571690667851","0.6622386138965316"
"64.97554671796722","0.660081395689238"
"65.00535752467786","0.6579200343081365"
"65.03514935174535","0.6557545288486055"
"65.06492222405653","0.6535848784080394"
"65.0946761664503","0.6514110820858439"
"65.1244112037177","0.6492331389834322"
"65.15412736060208","0.6470510482042199"
"65.18382466179919","0.6448648088536212"
"65.21350313195732","0.6426744200390438"
"65.2431627956774","0.6404798808698853"
"65.27280367751315","0.6382811904575277"
"65.30242580197117","0.6360783479153345"
"65.33202919351108","0.633871352358645"
"65.36161387654563","0.6316602029047708"
"65.39117987544083","0.629444898672991"
"65.42072721451603","0.6272254387845485"
"65.45025591804414","0.6250018223626449"
"65.47976601025158","0.6227740485324369"
"65.50925751531858","0.6205421164210316"
"65.53873045737917","0.6183060251574827"
"65.56818486052136","0.6160657738727858"
"65.5976207487872","0.6138213616998746"
"65.62703814617296","0.6115727877736161"
"65.65643707662923","0.6093200512308075"
"65.685817564061","0.6070631512101706"
"65.7151796323278","0.604802086852349"
"65.74452330524383","0.6025368572999031"
"65.77384860657803","0.6002674616973063"
"65.80315556005424","0.5979938991909406"
"65.83244418935129","0.595716168929093"
"65.86171451810313","0.593434270061951"
"65.89096656989891","0.5911482017415988"
"65.9202003682831","0.5888579631220129"
"65.94941593675567","0.5865635533590584"
"65.9786132987721","0.584264971610485"
"66.00779247774356","0.5819622170359225"
"66.03695349703699","0.5796552887968776"
"66.06609637997522","0.577344186056729"
"66.09522114983709","0.5750289079807241"
"66.12432782985753","0.5727094537359749"
"66.15341644322773","0.5703858224914539"
"66.18248701309517","0.5680580134179901"
"66.21153956256379","0.5657260256882656"
"66.24057411469407","0.563389858476811"
"66.26959069250314","0.5610495109600021"
"66.29858931896491","0.5587049823160557"
"66.32757001701016","0.5563562717250258"
"66.35653280952664","0.5540033783687998"
"66.38547771935919","0.5516463014310946"
"66.41440476930983","0.549285040097453"
"66.4433139821379","0.5469195935552396"
"66.47220538056013","0.5445499609936368"
"66.50107898725076","0.5421761416036419"
"66.52993482484167","0.5397981345780625"
"66.55877291592245","0.537415939111513"
"66.58759328304048","0.5350295544004109"
"66.6163959487011","0.532638979642973"
"66.64518093536769","0.530244214039212"
"66.67394826546177","0.5278452567909321"
"66.70269796136309","0.525442107101726"
"66.73143004540972","0.523034764176971"
"66.76014453989822","0.5206232272238253"
"66.78884146708367","0.5182074954512241"
"66.81752084917983","0.5157875680698767"
"66.84618270835917","0.5133634442922619"
"66.87482706675306","0.510935123332625"
"66.90345394645179","0.5085026044069744"
"66.93206336950473","0.5060658867330772"
"66.96065535792039","0.5036249695304563"
"66.98922993366655","0.5011798520203868"
"67.01778711867034","0.49873053342589224"
"67.04632693481835","0.4962770129717409"
"67.07484940395673","0.4938192898844428"
"67.10335454789127","0.4913573633922456"
"67.13184238838754","0.4888912327251316"
"67.16031294717092","0.4864208971148138"
"67.18876624592679","0.48394635579473283"
"67.21720230630054","0.4814676080000532"
"67.24562114989773","0.4789846529676601"
"67.27402279828414","0.47649748993615554"
"67.3024072729859","0.4740061181458554"
"67.3307745954896","0.4715105368387858"
"67.35912478724232","0.4690107452586796"
"67.38745786965178","0.4665067426509731"
"67.41577386408645","0.46399852826280263"
"67.44407279187558","0.4614861013430014"
"67.47235467430939","0.4589694611420957"
"67.50061953263904","0.45644860691230194"
"67.52886738807683","0.4539235379075231"
"67.55709826179628","0.45139425338334555"
"67.58531217493217","0.4488607525970356"
"67.61350914858066","0.4463230348075364"
"67.64168920379942","0.4437810992754642"
"67.66985236160767","0.4412349452631058"
"67.69799864298629","0.4386845720344146"
"67.72612806887794","0.43612997885500754"
"67.75424066018712","0.4335711649921622"
"67.78233643778026","0.4310081297148131"
"67.81041542248583","0.42844087229354877"
"67.83847763509445","0.4258693920006083"
"67.8665230963589","0.42329368810987844"
"67.89455182699433","0.4207137598968902"
"67.92256384767825","0.41812960663881565"
"67.95055917905066","0.4155412276144649"
"67.97853784171414","0.41294862210428285"
"68.00649985623396","0.41035178939034606"
"68.03444524313811","0.4077507287563596"
"68.06237402291744","0.40514543948765397"
"68.09028621602576","0.402535920871182"
"68.11818184287986","0.3999221721955156"
"68.1460609238597","0.39730419275084294"
"68.17392347930837","0.3946819818289651"
"68.20176952953231","0.392055538723293"
"68.2295990948013","0.38942486272884475"
"68.25741219534859","0.38678995314224196"
"68.285208851371","0.3841508092617073"
"68.31298908302895","0.3815074303870611"
"68.34075291044664","0.37885981581971845"
"68.36850035371202","0.3762079648626862"
"68.39623143287697","0.37355187682055996"
"68.42394616795735","0.3708915509995211"
"68.45164457893308","0.3682269867073337"
"68.47932668574823","0.3655581832533419"
"68.50699250831113","0.3628851399484664"
"68.5346420664944","0.360207856105202"
"68.56227538013509","0.35752633103761444"
"68.58989246903474","0.35484056406133757"
"68.61749335295944","0.35215055449357036"
"68.64507805164","0.34945630165307395"
"68.6726465847719","0.3467578048601689"
"68.7001989720155","0.3440550634367322"
"68.72773523299604","0.34134807670619444"
"68.75525538730376","0.33863684399353694"
"68.78275945449398","0.3359213646252889"
"68.81024745408718","0.3332016379295244"
"68.83771940556906","0.3304776632358599"
"68.86517532839066","0.32774943987545113"
"68.89261524196841","0.3250169671809903"
"68.92003916568424","0.32228024448670345"
"68.94744711888563","0.31953927112834746"
"68.9748391208857","0.3167940464432074"
"69.00221519096333","0.31404456977009376"
"69.02957534836315","0.3112908404493396"
"69.05691961229573","0.3085328578227977"
"69.08424800193758","0.3057706212338382"
"69.11156053643126","0.30300413002734533"
"69.13885723488545","0.3002333835497151"
"69.16613811637507","0.29745838114885237"
"69.19340319994127","0.2946791221741682"
"69.2206525045916","0.2918956059765771"
"69.24788604930004","0.28910783190849443"
"69.27510385300708","0.2863157993238336"
"69.30230593461984","0.28351950757800354"
"69.32949231301207","0.28071895602790586"
"69.3566630070243","0.2779141440319324"
"69.38381803546388","0.2751050709499623"
"69.41095741710508","0.27229173614335966"
"69.43808117068914","0.26947413897497074"
"69.46518931492439","0.26665227880912146"
"69.49228186848624","0.26382615501161455"
"69.51935885001738","0.2609957669497272"
"69.54642027812774","0.2581611139922084"
"69.57346617139464","0.2553221955092763"
"69.60049654836283","0.2524790108726157"
"69.62751142754458","0.24963155945537535"
"69.65451082741974","0.24677984063216557"
"69.68149476643586","0.24392385377905562"
"69.70846326300818","0.24106359827357116"
"69.73541633551982","0.23819907349469172"
"69.76235400232171","0.23533027882284815"
"69.78927628173282","0.23245721363992017"
"69.81618319204011","0.2295798773292338"
"69.84307475149868","0.22669826927555892"
"69.86995097833177","0.22381238886510677"
"69.89681189073094","0.2209222354855274"
"69.92365750685603","0.21802780852590728"
"69.95048784483531","0.21512910737676685"
"69.97730292276552","0.212226131430058"
"70.00410275871192","0.2093188800791616"
"70.03088737070846","0.20640735271888522"
"70.0576567767577","0.2034915487454605"
"70.08441099483102","0.20057146755654087"
"70.1111500428686","0.1976471085511991"
"70.13787393877956","0.19471847112992488"
"70.16458270044198","0.1917855546946224"
"70.191276345703","0.18884835864860808"
"70.21795489237886","0.18590688239660802"
"70.244618358255","0.18296112534475575"
"70.27126676108612","0.18001108690058987"
"70.29790011859627","0.1770567664730516"
"70.32451844847887","0.17409816347248253"
"70.35112176839681","0.1711352773106222"
"70.37771009598254","0.16816810740060587"
"70.4042834488381","0.1651966531569621"
"70.43084184453524","0.1622209139956105"
"70.45738530061541","0.15924088933385938"
"70.48391383458991","0.15625657859040348"
"70.51042746393992","0.15326798118532164"
"70.53692620611655","0.15027509654007462"
"70.56341007854094","0.14727792407750268"
"70.58987909860434","0.1442764632218234"
"70.61633328366813","0.1412707133986294"
"70.64277265106392","0.13826067403488615"
"70.66919721809363","0.1352463445589296"
"70.69560700202949","0.13222772440046401"
"70.7220020201142","0.1292048129905598"
"70.74838228956095","0.12617760976165118"
"70.77474782755345","0.12314611414753404"
"70.8010986512461","0.12011032558336371"
"70.8274347777639","0.11707024350565276"
"70.85375622420268","0.11402586735226881"
"70.88006300762906","0.11097719656243239"
"70.90635514508057","0.10792423057671467"
"70.93263265356566","0.10486696883703539"
"70.95889555006384","0.10180541078666065"
"70.98514385152566","0.09873955587020077"
"71.01137757487285","0.0956694035336081"
"71.03759673699835","0.09259495322417499"
"71.06380135476637","0.08951620439053154"
"71.08999144501246","0.08643315648264353"
"71.11616702454357","0.08334580895181032"
"71.14232811013815","0.08025416125066272"
"71.16847471854615","0.07715821283316086"
"71.19460686648914","0.07405796315459216"
"71.22072457066034","0.0709534116715692"
"71.2468278477247","0.06784455784202761"
"71.27291671431895","0.0647314011252241"
"71.29899118705168","0.06161394098173428"
"71.3250512825034","0.058492176873450666"
"71.35109701722656","0.055366108263580606"
"71.37712840774569","0.05223573461664424"
"71.40314547055739","0.04910105539847248"
"71.42914822213045","0.045962070076204946"
"71.45513667890586","0.042818778118287965"
"71.4811108572969","0.03967117899447255"
"71.50707077368921","0.036519272175812384"
"71.53301644444082","0.03336305713466183"
"71.55894788588225","0.03020253334467393"
"71.58486511431653","0.0270377002807984"
"71.6107681460193","0.023868557419279676"
"71.63665699723884","0.020695104237654915"
"71.66253168419615","0.017517340214752045"
"71.688392223085","0.01433526483068779"
"71.714238630072","0.011148877566865716"
"71.74007092129663","0.007958177905974289"
"71.76588911287136","0.004763165331984934"
"71.79169322088164","0.0015638393301500922"
"71.817483261386","-0.0016398006129987003"