"0","0.07607430487596638"
"0.001","0.15202332853421005"
"0.002","0.22784748283991063"
"0.003","0.30354717763053635"
"0.004","0.37912282072915393"
"0.005","0.4545748179576293"
"0.006","0.5299035731497201"
"0.007","0.6051094881640622"
"0.008","0.6801929628970482"
"0.009000000000000001","0.755154395295604"
"0.010000000000000002","0.8299941813698588"
"0.011000000000000003","0.904712715205714"
"0.012000000000000004","0.9793103889773094"
"0.013000000000000005","1.053787592959389"
"0.014000000000000005","1.128144715539567"
"0.015000000000000006","1.202382143230494"
"0.016000000000000007","1.2765002606819267"
"0.017000000000000008","1.3504994506926995"
"0.01800000000000001","1.4243800942226001"
"0.01900000000000001","1.4981425704041509"
"0.02000000000000001","1.571787256554295"
"0.02100000000000001","1.6453145281859891"
"0.022000000000000013","1.7187247590197055"
"0.023000000000000013","1.7920183209948395"
"0.024000000000000014","1.8651955842810295"
"0.025000000000000015","1.9382569172893849"
"0.026000000000000016","2.011202686683626"
"0.027000000000000017","2.0840332573911353"
"0.028000000000000018","2.1567489926139234"
"0.02900000000000002","2.2293502538395047"
"0.03000000000000002","2.301837400851691"
"0.03100000000000002","2.3742107917412985"
"0.03200000000000002","2.446470782916772"
"0.03300000000000002","2.518617729114724"
"0.03400000000000002","2.5906519834103934"
"0.035000000000000024","2.6625738972280204"
"0.036000000000000025","2.734383820351143"
"0.037000000000000026","2.8060821009328105"
"0.03800000000000003","2.877669085505721"
"0.03900000000000003","2.9491451189922766"
"0.04000000000000003","3.0205105447145617"
"0.04100000000000003","3.0917657044042475"
"0.04200000000000003","3.162910938212415"
"0.04300000000000003","3.233946584719305"
"0.04400000000000003","3.3048729809439923"
"0.04500000000000003","3.375690462353986"
"0.046000000000000034","3.446399362874755"
"0.047000000000000035","3.517000014899183"
"0.048000000000000036","3.587492749296947"
"0.04900000000000004","3.6578778954238267"
"0.05000000000000004","3.728155781130945"
"0.05100000000000004","3.7983267327739325"
"0.05200000000000004","3.868391075222028"
"0.05300000000000004","3.938349131867106"
"0.05400000000000004","4.008201224632636"
"0.05500000000000004","4.077947673982577"
"0.05600000000000004","4.1475887989302045"
"0.057000000000000044","4.217124917046862"
"0.058000000000000045","4.28655634447066"
"0.059000000000000045","4.355883395915103"
"0.060000000000000046","4.425106384677647"
"0.06100000000000005","4.494225622648202"
"0.06200000000000005","4.5632414203175635"
"0.06300000000000004","4.632154086785786"
"0.06400000000000004","4.7009639297704915"
"0.06500000000000004","4.769671255615113"
"0.06600000000000004","4.838276369297083"
"0.06700000000000005","4.906779574435957"
"0.06800000000000005","4.975181173301476"
"0.06900000000000005","5.043481466821575"
"0.07000000000000005","5.111680754590322"
"0.07100000000000005","5.179779334875806"
"0.07200000000000005","5.247777504627971"
"0.07300000000000005","5.315675559486376"
"0.07400000000000005","5.383473793787917"
"0.07500000000000005","5.451172500574477"
"0.07600000000000005","5.51877197160053"
"0.07700000000000005","5.586272497340685"
"0.07800000000000006","5.653674366997174"
"0.07900000000000006","5.720977868507285"
"0.08000000000000006","5.788183288550747"
"0.08100000000000006","5.855290912557052"
"0.08200000000000006","5.9223010247127315"
"0.08300000000000006","5.989213907968573"
"0.08400000000000006","6.05602984404679"
"0.08500000000000006","6.122749113448141"
"0.08600000000000006","6.189371995458989"
"0.08700000000000006","6.2558987681583185"
"0.08800000000000006","6.322329708424695"
"0.08900000000000007","6.388665091943181"
"0.09000000000000007","6.454905193212198"
"0.09100000000000007","6.521050285550343"
"0.09200000000000007","6.587100641103146"
"0.09300000000000007","6.653056530849794"
"0.09400000000000007","6.718918224609796"
"0.09500000000000007","6.784685991049605"
"0.09600000000000007","6.8503600976891885"
"0.09700000000000007","6.915940810908562"
"0.09800000000000007","6.981428395954262"
"0.09900000000000007","7.0468231169457844"
"0.10000000000000007","7.112125236881974"
"0.10100000000000008","7.1773350176473665"
"0.10200000000000008","7.242452720018485"
"0.10300000000000008","7.3074786036700985"
"0.10400000000000008","7.37241292718143"
"0.10500000000000008","7.437255948042322"
"0.10600000000000008","7.502007922659362"
"0.10700000000000008","7.56666910636196"
"0.10800000000000008","7.631239753408388"
"0.10900000000000008","7.695720116991774"
"0.11000000000000008","7.760110449246056"
"0.11100000000000008","7.824411001251894"
"0.11200000000000009","7.888622023042539"
"0.11300000000000009","7.952743763609663"
"0.11400000000000009","8.016776470909152"
"0.11500000000000009","8.080720391866846"
"0.11600000000000009","8.14457577238426"
"0.11700000000000009","8.208342857344244"
"0.11800000000000009","8.272021890616617"
"0.11900000000000009","8.33561311506376"
"0.12000000000000009","8.399116772546163"
"0.1210000000000001","8.46253310392795"
"0.1220000000000001","8.525862349082345"
"0.1230000000000001","8.58910474689712"
"0.1240000000000001","8.652260535279988"
"0.12500000000000008","8.715329951163977"
"0.12600000000000008","8.778313230512753"
"0.12700000000000009","8.841210608325913"
"0.12800000000000009","8.904022318644241"
"0.1290000000000001","8.966748594554927"
"0.1300000000000001","9.029389668196753"
"0.1310000000000001","9.091945770765241"
"0.1320000000000001","9.15441713251777"
"0.1330000000000001","9.21680398277865"
"0.1340000000000001","9.279106549944176"
"0.1350000000000001","9.34132506148763"
"0.1360000000000001","9.403459743964266"
"0.1370000000000001","9.465510823016249"
"0.1380000000000001","9.52747852337757"
"0.1390000000000001","9.589363068878916"
"0.1400000000000001","9.651164682452528"
"0.1410000000000001","9.712883586137002"
"0.1420000000000001","9.774520001082072"
"0.1430000000000001","9.836074147553363"
"0.1440000000000001","9.897546244937104"
"0.1450000000000001","9.95893651174481"
"0.1460000000000001","10.020245165617943"
"0.1470000000000001","10.081472423332533"
"0.1480000000000001","10.142618500803767"
"0.1490000000000001","10.203683613090554"
"0.1500000000000001","10.264667974400059"
"0.1510000000000001","10.325571798092199"
"0.1520000000000001","10.38639529668412"
"0.1530000000000001","10.447138681854637"
"0.1540000000000001","10.507802164448652"
"0.1550000000000001","10.568385954481531"
"0.1560000000000001","10.628890261143468"
"0.1570000000000001","10.689315292803803"
"0.1580000000000001","10.749661257015328"
"0.1590000000000001","10.809928360518553"
"0.16000000000000011","10.870116809245953"
"0.16100000000000012","10.930226808326179"
"0.16200000000000012","10.990258562088247"
"0.16300000000000012","11.0502122740657"
"0.16400000000000012","11.11008814700074"
"0.16500000000000012","11.16988638284833"
"0.16600000000000012","11.229607182780283"
"0.16700000000000012","11.289250747189305"
"0.16800000000000012","11.348817275693033"
"0.16900000000000012","11.408306967138026"
"0.17000000000000012","11.467720019603746"
"0.17100000000000012","11.52705663040651"
"0.17200000000000013","11.586316996103404"
"0.17300000000000013","11.645501312496197"
"0.17400000000000013","11.704609774635204"
"0.17500000000000013","11.763642576823136"
"0.17600000000000013","11.82259991261893"
"0.17700000000000013","11.881481974841547"
"0.17800000000000013","11.940288955573747"
"0.17900000000000013","11.99902104616584"
"0.18000000000000013","12.057678437239417"
"0.18100000000000013","12.116261318691052"
"0.18200000000000013","12.174769879695983"
"0.18300000000000013","12.233204308711773"
"0.18400000000000014","12.291564793481937"
"0.18500000000000014","12.34985152103956"
"0.18600000000000014","12.40806467771088"
"0.18700000000000014","12.466204449118862"
"0.18800000000000014","12.524271020186733"
"0.18900000000000014","12.582264575141505"
"0.19000000000000014","12.640185297517478"
"0.19100000000000014","12.698033370159711"
"0.19200000000000014","12.755808975227485"
"0.19300000000000014","12.813512294197725"
"0.19400000000000014","12.871143507868423"
"0.19500000000000015","12.928702796362025"
"0.19600000000000015","12.986190339128797"
"0.19700000000000015","13.043606314950178"
"0.19800000000000015","13.100950901942108"
"0.19900000000000015","13.15822427755833"
"0.20000000000000015","13.215426618593684"
"0.20100000000000015","13.272558101187363"
"0.20200000000000015","13.32961890082617"
"0.20300000000000015","13.386609192347736"
"0.20400000000000015","13.44352914994373"
"0.20500000000000015","13.500378947163043"
"0.20600000000000016","13.557158756914953"
"0.20700000000000016","13.613868751472278"
"0.20800000000000016","13.670509102474497"
"0.20900000000000016","13.727079980930863"
"0.21000000000000016","13.783581557223489"
"0.21100000000000016","13.840014001110418"
"0.21200000000000016","13.896377481728683"
"0.21300000000000016","13.952672167597326"
"0.21400000000000016","14.008898226620426"
"0.21500000000000016","14.065055826090086"
"0.21600000000000016","14.121145132689417"
"0.21700000000000016","14.177166312495494"
"0.21800000000000017","14.233119530982297"
"0.21900000000000017","14.289004953023639"
"0.22000000000000017","14.34482274289607"
"0.22100000000000017","14.400573064281767"
"0.22200000000000017","14.456256080271402"
"0.22300000000000017","14.511871953366997"
"0.22400000000000017","14.567420845484767"
"0.22500000000000017","14.622902917957928"
"0.22600000000000017","14.67831833153951"
"0.22700000000000017","14.733667246405137"
"0.22800000000000017","14.7889498221558"
"0.22900000000000018","14.844166217820606"
"0.23000000000000018","14.899316591859515"
"0.23100000000000018","14.954401102166061"
"0.23200000000000018","15.009419906070056"
"0.23300000000000018","15.064373160340272"
"0.23400000000000018","15.119261021187123"
"0.23500000000000018","15.174083644265307"
"0.23600000000000018","15.228841184676458"
"0.23700000000000018","15.28353379697176"
"0.23800000000000018","15.338161635154563"
"0.23900000000000018","15.39272485268297"
"0.24000000000000019","15.447223602472421"
"0.2410000000000002","15.501658036898249"
"0.2420000000000002","15.55602830779823"
"0.2430000000000002","15.61033456647512"
"0.2440000000000002","15.664576963699162"
"0.2450000000000002","15.718755649710598"
"0.2460000000000002","15.772870774222152"
"0.2470000000000002","15.826922486421507"
"0.2480000000000002","15.880910934973759"
"0.2490000000000002","15.934836268023863"
"0.25000000000000017","15.988698633199068"
"0.25100000000000017","16.042498177611325"
"0.25200000000000017","16.096235047859697"
"0.25300000000000017","16.14990939003274"
"0.25400000000000017","16.203521349710876"
"0.25500000000000017","16.257071071968763"
"0.25600000000000017","16.310558701377637"
"0.2570000000000002","16.363984382007633"
"0.2580000000000002","16.417348257430124"
"0.2590000000000002","16.470650470720017"
"0.2600000000000002","16.52389116445804"
"0.2610000000000002","16.57707048073303"
"0.2620000000000002","16.630188561144205"
"0.2630000000000002","16.683245546803395"
"0.2640000000000002","16.736241578337307"
"0.2650000000000002","16.789176795889738"
"0.2660000000000002","16.842051339123792"
"0.2670000000000002","16.894865347224084"
"0.2680000000000002","16.94761895889893"
"0.2690000000000002","17.00031231238252"
"0.2700000000000002","17.052945545437083"
"0.2710000000000002","17.10551879535505"
"0.2720000000000002","17.158032198961173"
"0.2730000000000002","17.210485892614674"
"0.2740000000000002","17.26288001221134"
"0.2750000000000002","17.315214693185645"
"0.2760000000000002","17.367490070512833"
"0.2770000000000002","17.419706278710994"
"0.2780000000000002","17.471863451843134"
"0.2790000000000002","17.523961723519243"
"0.2800000000000002","17.57600122689832"
"0.2810000000000002","17.62798209469042"
"0.2820000000000002","17.679904459158674"
"0.2830000000000002","17.731768452121294"
"0.2840000000000002","17.783574204953574"
"0.2850000000000002","17.835321848589878"
"0.2860000000000002","17.88701151352562"
"0.2870000000000002","17.938643329819225"
"0.2880000000000002","17.990217427094084"
"0.2890000000000002","18.041733934540503"
"0.2900000000000002","18.093192980917625"
"0.2910000000000002","18.14459469455536"
"0.2920000000000002","18.195939203356296"
"0.2930000000000002","18.247226634797602"
"0.2940000000000002","18.298457115932905"
"0.2950000000000002","18.349630773394185"
"0.2960000000000002","18.40074773339364"
"0.2970000000000002","18.451808121725534"
"0.2980000000000002","18.50281206376806"
"0.2990000000000002","18.553759684485176"
"0.3000000000000002","18.604651108428417"
"0.3010000000000002","18.655486459738736"
"0.3020000000000002","18.7062658621483"
"0.3030000000000002","18.756989438982284"
"0.3040000000000002","18.80765731316067"
"0.3050000000000002","18.85826960720002"
"0.3060000000000002","18.908826443215244"
"0.3070000000000002","18.959327942921355"
"0.3080000000000002","19.009774227635226"
"0.3090000000000002","19.06016541827733"
"0.3100000000000002","19.11050163537346"
"0.3110000000000002","19.160782999056458"
"0.3120000000000002","19.21100962906793"
"0.3130000000000002","19.261181644759937"
"0.3140000000000002","19.311299165096695"
"0.3150000000000002","19.36136230865626"
"0.3160000000000002","19.4113711936322"
"0.3170000000000002","19.46132593783525"
"0.3180000000000002","19.511226658694994"
"0.31900000000000023","19.561073473261487"
"0.32000000000000023","19.610866498206907"
"0.32100000000000023","19.66060584982718"
"0.32200000000000023","19.710291644043608"
"0.32300000000000023","19.759923996404464"
"0.32400000000000023","19.809503022086616"
"0.32500000000000023","19.85902883589711"
"0.32600000000000023","19.908501552274757"
"0.32700000000000023","19.957921285291718"
"0.32800000000000024","20.007288148655064"
"0.32900000000000024","20.05660225570834"
"0.33000000000000024","20.105863719433128"
"0.33100000000000024","20.15507265245057"
"0.33200000000000024","20.204229167022927"
"0.33300000000000024","20.25333337505509"
"0.33400000000000024","20.302385388096106"
"0.33500000000000024","20.351385317340693"
"0.33600000000000024","20.40033327363074"
"0.33700000000000024","20.449229367456798"
"0.33800000000000024","20.498073708959584"
"0.33900000000000025","20.54686640793144"
"0.34000000000000025","20.59560757381782"
"0.34100000000000025","20.644297315718745"
"0.34200000000000025","20.69293574239027"
"0.34300000000000025","20.74152296224592"
"0.34400000000000025","20.790059083358145"
"0.34500000000000025","20.83854421345974"
"0.34600000000000025","20.886978459945286"
"0.34700000000000025","20.935361929872553"
"0.34800000000000025","20.983694729963922"
"0.34900000000000025","21.031976966607786"
"0.35000000000000026","21.08020874585995"
"0.35100000000000026","21.128390173445002"
"0.35200000000000026","21.17652135475773"
"0.35300000000000026","21.22460239486446"
"0.35400000000000026","21.272633398504443"
"0.35500000000000026","21.32061447009122"
"0.35600000000000026","21.368545713713957"
"0.35700000000000026","21.41642723313881"
"0.35800000000000026","21.46425913181025"
"0.35900000000000026","21.512041512852402"
"0.36000000000000026","21.559774479070377"
"0.36100000000000027","21.607458132951578"
"0.36200000000000027","21.65509257666702"
"0.36300000000000027","21.702677912072627"
"0.36400000000000027","21.750214240710545"
"0.36500000000000027","21.797701663810415"
"0.36600000000000027","21.845140282290675"
"0.36700000000000027","21.892530196759832"
"0.36800000000000027","21.939871507517726"
"0.36900000000000027","21.987164314556807"
"0.3700000000000003","22.034408717563387"
"0.3710000000000003","22.081604815918897"
"0.3720000000000003","22.12875270870113"
"0.3730000000000003","22.175852494685476"
"0.3740000000000003","22.222904272346167"
"0.3750000000000003","22.269908139857495"
"0.3760000000000003","22.316864195095036"
"0.3770000000000003","22.36377253563686"
"0.3780000000000003","22.41063325876474"
"0.3790000000000003","22.45744646146537"
"0.3800000000000003","22.504212240431535"
"0.3810000000000003","22.550930692063325"
"0.3820000000000003","22.597601912469298"
"0.3830000000000003","22.644225997467675"
"0.3840000000000003","22.690803042587508"
"0.3850000000000003","22.737333143069836"
"0.3860000000000003","22.783816393868857"
"0.3870000000000003","22.830252889653078"
"0.3880000000000003","22.876642724806466"
"0.3890000000000003","22.922985993429585"
"0.3900000000000003","22.96928278934074"
"0.3910000000000003","23.0155332060771"
"0.3920000000000003","23.061737336895842"
"0.3930000000000003","23.107895274775245"
"0.3940000000000003","23.154007112415826"
"0.3950000000000003","23.200072942241434"
"0.3960000000000003","23.246092856400367"
"0.3970000000000003","23.292066946766457"
"0.3980000000000003","23.337995304940176"
"0.3990000000000003","23.383878022249707"
"0.4000000000000003","23.42971518975204"
"0.4010000000000003","23.475506898234045"
"0.4020000000000003","23.52125323821353"
"0.4030000000000003","23.56695429994032"
"0.4040000000000003","23.612610173397325"
"0.4050000000000003","23.658220948301572"
"0.4060000000000003","23.70378671410527"
"0.4070000000000003","23.749307559996854"
"0.4080000000000003","23.79478357490202"
"0.4090000000000003","23.840214847484763"
"0.4100000000000003","23.885601466148405"
"0.4110000000000003","23.930943519036614"
"0.4120000000000003","23.976241094034435"
"0.4130000000000003","24.021494278769293"
"0.4140000000000003","24.066703160612008"
"0.4150000000000003","24.1118678266778"
"0.4160000000000003","24.156988363827278"
"0.4170000000000003","24.202064858667455"
"0.4180000000000003","24.247097397552714"
"0.4190000000000003","24.292086066585814"
"0.4200000000000003","24.33703095161885"
"0.4210000000000003","24.381932138254246"
"0.4220000000000003","24.426789711845714"
"0.4230000000000003","24.47160375749922"
"0.4240000000000003","24.516374360073957"
"0.4250000000000003","24.56110160418329"
"0.4260000000000003","24.605785574195703"
"0.4270000000000003","24.650426354235766"
"0.4280000000000003","24.695024028185053"
"0.4290000000000003","24.7395786796831"
"0.4300000000000003","24.78409039212833"
"0.4310000000000003","24.82855924867898"
"0.43200000000000033","24.872985332254036"
"0.43300000000000033","24.917368725534132"
"0.43400000000000033","24.96170951096249"
"0.43500000000000033","25.00600777074581"
"0.43600000000000033","25.050263586855202"
"0.43700000000000033","25.094477041027062"
"0.43800000000000033","25.138648214763982"
"0.43900000000000033","25.18277718933565"
"0.44000000000000034","25.226864045779724"
"0.44100000000000034","25.270908864902736"
"0.44200000000000034","25.314911727280958"
"0.44300000000000034","25.358872713261285"
"0.44400000000000034","25.40279190296211"
"0.44500000000000034","25.44666937627419"
"0.44600000000000034","25.490505212861503"
"0.44700000000000034","25.534299492162127"
"0.44800000000000034","25.578052293389074"
"0.44900000000000034","25.621763695531165"
"0.45000000000000034","25.665433777353854"
"0.45100000000000035","25.709062617400093"
"0.45200000000000035","25.752650293991163"
"0.45300000000000035","25.796196885227506"
"0.45400000000000035","25.839702468989568"
"0.45500000000000035","25.88316712293862"
"0.45600000000000035","25.92659092451758"
"0.45700000000000035","25.969973950951843"
"0.45800000000000035","26.01331627925009"
"0.45900000000000035","26.056617986205104"
"0.46000000000000035","26.099879148394574"
"0.46100000000000035","26.14309984218191"
"0.46200000000000035","26.186280143717042"
"0.46300000000000036","26.229420128937203"
"0.46400000000000036","26.27251987356774"
"0.46500000000000036","26.315579453122908"
"0.46600000000000036","26.358598942906635"
"0.46700000000000036","26.401578418013322"
"0.46800000000000036","26.44451795332862"
"0.46900000000000036","26.487417623530202"
"0.47000000000000036","26.530277503088534"
"0.47100000000000036","26.57309766626765"
"0.47200000000000036","26.61587818712591"
"0.47300000000000036","26.658619139516773"
"0.47400000000000037","26.701320597089534"
"0.47500000000000037","26.743982633290095"
"0.47600000000000037","26.786605321361716"
"0.47700000000000037","26.82918873434575"
"0.47800000000000037","26.8717329450824"
"0.47900000000000037","26.914238026211454"
"0.48000000000000037","26.956704050173023"
"0.48100000000000037","26.999131089208273"
"0.4820000000000004","27.041519215360154"
"0.4830000000000004","27.083868500474132"
"0.4840000000000004","27.12617901619891"
"0.4850000000000004","27.168450833987148"
"0.4860000000000004","27.210684025096178"
"0.4870000000000004","27.252878660588728"
"0.4880000000000004","27.295034811333615"
"0.4890000000000004","27.337152548006465"
"0.4900000000000004","27.379231941090417"
"0.4910000000000004","27.421273060876818"
"0.4920000000000004","27.463275977465923"
"0.4930000000000004","27.50524076076759"
"0.4940000000000004","27.547167480501976"
"0.4950000000000004","27.589056206200212"
"0.4960000000000004","27.6309070072051"
"0.4970000000000004","27.67271995267179"
"0.4980000000000004","27.714495111568464"
"0.4990000000000004","27.756232552677"
"0.5000000000000003","27.79793234459366"
"0.5010000000000003","27.83959455572975"
"0.5020000000000003","27.881219254312285"
"0.5030000000000003","27.922806508384657"
"0.5040000000000003","27.964356385807296"
"0.5050000000000003","28.00586895425833"
"0.5060000000000003","28.04734428123423"
"0.5070000000000003","28.088782434050476"
"0.5080000000000003","28.130183479842188"
"0.5090000000000003","28.171547485564787"
"0.5100000000000003","28.21287451799463"
"0.5110000000000003","28.25416464372966"
"0.5120000000000003","28.295417929190027"
"0.5130000000000003","28.336634440618738"
"0.5140000000000003","28.37781424408228"
"0.5150000000000003","28.41895740547125"
"0.5160000000000003","28.460063990500984"
"0.5170000000000003","28.501134064712176"
"0.5180000000000003","28.5421676934715"
"0.5190000000000003","28.583164941972235"
"0.5200000000000004","28.624125875234864"
"0.5210000000000004","28.665050558107698"
"0.5220000000000004","28.705939055267486"
"0.5230000000000004","28.746791431220018"
"0.5240000000000004","28.78760775030073"
"0.5250000000000004","28.8283880766753"
"0.5260000000000004","28.869132474340255"
"0.5270000000000004","28.909841007123568"
"0.5280000000000004","28.950513738685242"
"0.5290000000000004","28.99115073251791"
"0.5300000000000004","29.03175205194741"
"0.5310000000000004","29.072317760133398"
"0.5320000000000004","29.1128479200699"
"0.5330000000000004","29.153342594585908"
"0.5340000000000004","29.19380184634596"
"0.5350000000000004","29.234225737850707"
"0.5360000000000004","29.274614331437498"
"0.5370000000000004","29.31496768928093"
"0.5380000000000004","29.35528587339344"
"0.5390000000000004","29.395568945625854"
"0.5400000000000004","29.435816967667957"
"0.5410000000000004","29.47603000104905"
"0.5420000000000004","29.516208107138514"
"0.5430000000000004","29.556351347146357"
"0.5440000000000004","29.596459782123773"
"0.5450000000000004","29.636533472963695"
"0.5460000000000004","29.676572480401333"
"0.5470000000000004","29.716576865014737"
"0.5480000000000004","29.756546687225324"
"0.5490000000000004","29.796482007298426"
"0.5500000000000004","29.836382885343834"
"0.5510000000000004","29.876249381316327"
"0.5520000000000004","29.91608155501621"
"0.5530000000000004","29.95587946608984"
"0.5540000000000004","29.995643174030175"
"0.5550000000000004","30.035372738177273"
"0.5560000000000004","30.07506821771884"
"0.5570000000000004","30.114729671690746"
"0.5580000000000004","30.15435715897754"
"0.5590000000000004","30.193950738312974"
"0.5600000000000004","30.23351046828052"
"0.5610000000000004","30.273036407313885"
"0.5620000000000004","30.312528613697513"
"0.5630000000000004","30.351987145567104"
"0.5640000000000004","30.391412060910127"
"0.5650000000000004","30.43080341756631"
"0.5660000000000004","30.47016127322815"
"0.5670000000000004","30.50948568544142"
"0.5680000000000004","30.548776711605658"
"0.5690000000000004","30.588034408974675"
"0.5700000000000004","30.627258834657038"
"0.5710000000000004","30.666450045616568"
"0.5720000000000004","30.70560809867283"
"0.5730000000000004","30.744733050501623"
"0.5740000000000004","30.783824957635463"
"0.5750000000000004","30.822883876464072"
"0.5760000000000004","30.861909863234853"
"0.5770000000000004","30.900902974053377"
"0.5780000000000004","30.939863264883858"
"0.5790000000000004","30.97879079154963"
"0.5800000000000004","31.017685609733622"
"0.5810000000000004","31.056547774978824"
"0.5820000000000004","31.095377342688764"
"0.5830000000000004","31.134174368127976"
"0.5840000000000004","31.17293890642246"
"0.5850000000000004","31.211671012560153"
"0.5860000000000004","31.250370741391393"
"0.5870000000000004","31.289038147629366"
"0.5880000000000004","31.32767328585058"
"0.5890000000000004","31.36627621049531"
"0.5900000000000004","31.404846975868065"
"0.5910000000000004","31.44338563613802"
"0.5920000000000004","31.481892245339495"
"0.5930000000000004","31.520366857372377"
"0.5940000000000004","31.558809526002584"
"0.5950000000000004","31.597220304862503"
"0.5960000000000004","31.635599247451438"
"0.5970000000000004","31.673946407136047"
"0.5980000000000004","31.71226183715078"
"0.5990000000000004","31.750545590598325"
"0.6000000000000004","31.788797720450038"
"0.6010000000000004","31.827018279546376"
"0.6020000000000004","31.86520732059733"
"0.6030000000000004","31.903364896182868"
"0.6040000000000004","31.94149105875334"
"0.6050000000000004","31.97958586062992"
"0.6060000000000004","32.017649354005044"
"0.6070000000000004","32.0556815909428"
"0.6080000000000004","32.09368262337937"
"0.6090000000000004","32.131652503123476"
"0.6100000000000004","32.16959128185673"
"0.6110000000000004","32.207499011134125"
"0.6120000000000004","32.245375742384404"
"0.6130000000000004","32.28322152691048"
"0.6140000000000004","32.321036415889864"
"0.6150000000000004","32.35882046037506"
"0.6160000000000004","32.39657371129397"
"0.6170000000000004","32.43429621945032"
"0.6180000000000004","32.47198803552404"
"0.6190000000000004","32.50964921007171"
"0.6200000000000004","32.54727979352688"
"0.6210000000000004","32.58487983620057"
"0.6220000000000004","32.62244938828159"
"0.6230000000000004","32.65998849983697"
"0.6240000000000004","32.697497220812366"
"0.6250000000000004","32.734975601032424"
"0.6260000000000004","32.772423690201194"
"0.6270000000000004","32.80984153790251"
"0.6280000000000004","32.84722919360037"
"0.6290000000000004","32.884586706639354"
"0.6300000000000004","32.92191412624498"
"0.6310000000000004","32.959211501524095"
"0.6320000000000005","32.996478881465265"
"0.6330000000000005","33.03371631493915"
"0.6340000000000005","33.07092385069888"
"0.6350000000000005","33.10810153738045"
"0.6360000000000005","33.14524942350306"
"0.6370000000000005","33.18236755746953"
"0.6380000000000005","33.21945598756666"
"0.6390000000000005","33.25651476196558"
"0.6400000000000005","33.293543928722166"
"0.6410000000000005","33.33054353577735"
"0.6420000000000005","33.36751363095754"
"0.6430000000000005","33.40445426197495"
"0.6440000000000005","33.44136547642799"
"0.6450000000000005","33.47824732180161"
"0.6460000000000005","33.515099845467674"
"0.6470000000000005","33.551923094685314"
"0.6480000000000005","33.58871711660129"
"0.6490000000000005","33.62548195825033"
"0.6500000000000005","33.662217666555534"
"0.6510000000000005","33.69892428832867"
"0.6520000000000005","33.735601870270564"
"0.6530000000000005","33.77225045897145"
"0.6540000000000005","33.80887010091129"
"0.6550000000000005","33.84546084246016"
"0.6560000000000005","33.88202272987858"
"0.6570000000000005","33.918555809317844"
"0.6580000000000005","33.955060126820406"
"0.6590000000000005","33.99153572832019"
"0.6600000000000005","34.02798265964293"
"0.6610000000000005","34.06440096650654"
"0.6620000000000005","34.100790694521415"
"0.6630000000000005","34.137151889190804"
"0.6640000000000005","34.17348459591113"
"0.6650000000000005","34.209788859972306"
"0.6660000000000005","34.24606472655812"
"0.6670000000000005","34.28231224074651"
"0.6680000000000005","34.31853144750994"
"0.6690000000000005","34.354722391715704"
"0.6700000000000005","34.390885118126256"
"0.6710000000000005","34.42701967139955"
"0.6720000000000005","34.46312609608936"
"0.6730000000000005","34.49920443664561"
"0.6740000000000005","34.53525473741469"
"0.6750000000000005","34.57127704263977"
"0.6760000000000005","34.60727139646114"
"0.6770000000000005","34.64323784291651"
"0.6780000000000005","34.67917642594137"
"0.6790000000000005","34.71508718936925"
"0.6800000000000005","34.750970176932064"
"0.6810000000000005","34.786825432260436"
"0.6820000000000005","34.82265299888399"
"0.6830000000000005","34.858452920231684"
"0.6840000000000005","34.89422523963211"
"0.6850000000000005","34.92997000031379"
"0.6860000000000005","34.96568724540552"
"0.6870000000000005","35.00137701793665"
"0.6880000000000005","35.0370393608374"
"0.6890000000000005","35.07267431693915"
"0.6900000000000005","35.108281928974776"
"0.6910000000000005","35.14386223957893"
"0.6920000000000005","35.179415291288336"
"0.6930000000000005","35.2149411265421"
"0.6940000000000005","35.250439787682026"
"0.6950000000000005","35.28591131695288"
"0.6960000000000005","35.32135575650271"
"0.6970000000000005","35.35677314838315"
"0.6980000000000005","35.392163534549674"
"0.6990000000000005","35.427526956861946"
"0.7000000000000005","35.46286345708407"
"0.7010000000000005","35.49817307688489"
"0.7020000000000005","35.5334558578383"
"0.7030000000000005","35.5687118414235"
"0.7040000000000005","35.603941069025325"
"0.7050000000000005","35.6391435819345"
"0.7060000000000005","35.67431942134793"
"0.7070000000000005","35.709468628369"
"0.7080000000000005","35.74459124400784"
"0.7090000000000005","35.77968730918163"
"0.7100000000000005","35.81475686471486"
"0.7110000000000005","35.849799951339605"
"0.7120000000000005","35.88481660969585"
"0.7130000000000005","35.91980688033171"
"0.7140000000000005","35.95477080370376"
"0.7150000000000005","35.98970842017726"
"0.7160000000000005","36.02461977002646"
"0.7170000000000005","36.05950489343489"
"0.7180000000000005","36.094363830495595"
"0.7190000000000005","36.12919662121143"
"0.7200000000000005","36.16400330549532"
"0.7210000000000005","36.19878392317055"
"0.7220000000000005","36.23353851397102"
"0.7230000000000005","36.2682671175415"
"0.7240000000000005","36.30296977343792"
"0.7250000000000005","36.33764652112763"
"0.7260000000000005","36.372297399989655"
"0.7270000000000005","36.40692244931496"
"0.7280000000000005","36.44152170830674"
"0.7290000000000005","36.47609521608064"
"0.7300000000000005","36.510643011665046"
"0.7310000000000005","36.54516513400134"
"0.7320000000000005","36.57966162194414"
"0.7330000000000005","36.6141325142616"
"0.7340000000000005","36.648577849635615"
"0.7350000000000005","36.68299766666212"
"0.7360000000000005","36.717392003851316"
"0.7370000000000005","36.75176089962795"
"0.7380000000000005","36.78610439233155"
"0.7390000000000005","36.820422520216674"
"0.7400000000000005","36.85471532145318"
"0.7410000000000005","36.88898283412646"
"0.7420000000000005","36.9232250962377"
"0.7430000000000005","36.95744214570413"
"0.7440000000000005","36.99163402035926"
"0.7450000000000006","37.025800757953135"
"0.7460000000000006","37.059942396152586"
"0.7470000000000006","37.094058972541454"
"0.7480000000000006","37.12815052462087"
"0.7490000000000006","37.16221708980946"
"0.7500000000000006","37.19625870544361"
"0.7510000000000006","37.230275408777715"
"0.7520000000000006","37.26426723698438"
"0.7530000000000006","37.298234227154715"
"0.7540000000000006","37.33217641629852"
"0.7550000000000006","37.36609384134457"
"0.7560000000000006","37.39998653914082"
"0.7570000000000006","37.43385454645465"
"0.7580000000000006","37.4676978999731"
"0.7590000000000006","37.50151663630312"
"0.7600000000000006","37.53531079197178"
"0.7610000000000006","37.56908040342651"
"0.7620000000000006","37.60282550703534"
"0.7630000000000006","37.63654613908713"
"0.7640000000000006","37.670242335791784"
"0.7650000000000006","37.7039141332805"
"0.7660000000000006","37.73756156760599"
"0.7670000000000006","37.7711846747427"
"0.7680000000000006","37.804783490587056"
"0.7690000000000006","37.838358050957666"
"0.7700000000000006","37.87190839159557"
"0.7710000000000006","37.90543454816444"
"0.7720000000000006","37.93893655625084"
"0.7730000000000006","37.972414451364386"
"0.7740000000000006","38.005868268938045"
"0.7750000000000006","38.03929804432829"
"0.7760000000000006","38.07270381281537"
"0.7770000000000006","38.10608560960349"
"0.7780000000000006","38.13944346982105"
"0.7790000000000006","38.17277742852088"
"0.7800000000000006","38.20608752068041"
"0.7810000000000006","38.23937378120194"
"0.7820000000000006","38.2726362449128"
"0.7830000000000006","38.30587494656563"
"0.7840000000000006","38.33908992083853"
"0.7850000000000006","38.37228120233532"
"0.7860000000000006","38.40544882558573"
"0.7870000000000006","38.43859282504561"
"0.7880000000000006","38.471713235097155"
"0.7890000000000006","38.504810090049105"
"0.7900000000000006","38.537883424136965"
"0.7910000000000006","38.57093327152319"
"0.7920000000000006","38.60395966629743"
"0.7930000000000006","38.636962642476696"
"0.7940000000000006","38.6699422340056"
"0.7950000000000006","38.70289847475655"
"0.7960000000000006","38.735831398529946"
"0.7970000000000006","38.76874103905439"
"0.7980000000000006","38.8016274299869"
"0.7990000000000006","38.8344906049131"
"0.8000000000000006","38.867330597347426"
"0.8010000000000006","38.90014744073332"
"0.8020000000000006","38.932941168443456"
"0.8030000000000006","38.965711813779905"
"0.8040000000000006","38.99845940997436"
"0.8050000000000006","39.031183990188325"
"0.8060000000000006","39.06388558751332"
"0.8070000000000006","39.096564234971055"
"0.8080000000000006","39.12921996551367"
"0.8090000000000006","39.16185281202388"
"0.8100000000000006","39.19446280731522"
"0.8110000000000006","39.22704998413219"
"0.8120000000000006","39.259614375150484"
"0.8130000000000006","39.29215601297718"
"0.8140000000000006","39.32467493015091"
"0.8150000000000006","39.35717115914208"
"0.8160000000000006","39.389644732353034"
"0.8170000000000006","39.42209568211827"
"0.8180000000000006","39.454524040704605"
"0.8190000000000006","39.4869298403114"
"0.8200000000000006","39.519313113070694"
"0.8210000000000006","39.55167389104744"
"0.8220000000000006","39.584012206239684"
"0.8230000000000006","39.61632809057872"
"0.8240000000000006","39.64862157592931"
"0.8250000000000006","39.68089269408986"
"0.8260000000000006","39.71314147679259"
"0.8270000000000006","39.74536795570375"
"0.8280000000000006","39.77757216242375"
"0.8290000000000006","39.80975412848741"
"0.8300000000000006","39.84191388536409"
"0.8310000000000006","39.874051464457885"
"0.8320000000000006","39.90616689710781"
"0.8330000000000006","39.938260214587984"
"0.8340000000000006","39.97033144810781"
"0.8350000000000006","40.002380628812126"
"0.8360000000000006","40.03440778778143"
"0.8370000000000006","40.066412956032025"
"0.8380000000000006","40.098396164516195"
"0.8390000000000006","40.130357444122396"
"0.8400000000000006","40.162296825675426"
"0.8410000000000006","40.1942143399366"
"0.8420000000000006","40.22611001760392"
"0.8430000000000006","40.25798388931226"
"0.8440000000000006","40.289835985633516"
"0.8450000000000006","40.32166633707682"
"0.8460000000000006","40.35347497408867"
"0.8470000000000006","40.38526192705312"
"0.8480000000000006","40.417027226291964"
"0.8490000000000006","40.44877090206487"
"0.8500000000000006","40.48049298456959"
"0.8510000000000006","40.512193503942086"
"0.8520000000000006","40.54387249025675"
"0.8530000000000006","40.575529973526535"
"0.8540000000000006","40.607165983703126"
"0.8550000000000006","40.638780550677126"
"0.8560000000000006","40.6703737042782"
"0.8570000000000007","40.701945474275256"
"0.8580000000000007","40.7334958903766"
"0.8590000000000007","40.76502498223011"
"0.8600000000000007","40.79653277942339"
"0.8610000000000007","40.82801931148394"
"0.8620000000000007","40.859484607879324"
"0.8630000000000007","40.89092869801732"
"0.8640000000000007","40.922351611246086"
"0.8650000000000007","40.95375337685432"
"0.8660000000000007","40.98513402407144"
"0.8670000000000007","41.01649358206771"
"0.8680000000000007","41.047832079954425"
"0.8690000000000007","41.07914954678406"
"0.8700000000000007","41.11044601155043"
"0.8710000000000007","41.141721503188855"
"0.8720000000000007","41.17297605057631"
"0.8730000000000007","41.20420968253158"
"0.8740000000000007","41.23542242781541"
"0.8750000000000007","41.26661431513069"
"0.8760000000000007","41.29778537312258"
"0.8770000000000007","41.32893563037868"
"0.8780000000000007","41.36006511542918"
"0.8790000000000007","41.391173856747"
"0.8800000000000007","41.42226188274798"
"0.8810000000000007","41.453329221790995"
"0.8820000000000007","41.48437590217812"
"0.8830000000000007","41.5154019521548"
"0.8840000000000007","41.54640739990996"
"0.8850000000000007","41.5773922735762"
"0.8860000000000007","41.60835660122993"
"0.8870000000000007","41.63930041089149"
"0.8880000000000007","41.67022373052534"
"0.8890000000000007","41.70112658804021"
"0.8900000000000007","41.73200901128921"
"0.8910000000000007","41.762871028069995"
"0.8920000000000007","41.79371266612493"
"0.8930000000000007","41.82453395314123"
"0.8940000000000007","41.855334916751076"
"0.8950000000000007","41.8861155845318"
"0.8960000000000007","41.91687598400602"
"0.8970000000000007","41.947616142641756"
"0.8980000000000007","41.978336087852625"
"0.8990000000000007","42.00903584699794"
"0.9000000000000007","42.039715447382875"
"0.9010000000000007","42.0703749162586"
"0.9020000000000007","42.10101428082244"
"0.9030000000000007","42.131633568217985"
"0.9040000000000007","42.16223280553527"
"0.9050000000000007","42.19281201981087"
"0.9060000000000007","42.2233712380281"
"0.9070000000000007","42.253910487117096"
"0.9080000000000007","42.28442979395499"
"0.9090000000000007","42.31492918536604"
"0.9100000000000007","42.345408688121765"
"0.9110000000000007","42.37586832894109"
"0.9120000000000007","42.40630813449047"
"0.9130000000000007","42.43672813138406"
"0.9140000000000007","42.4671283461838"
"0.9150000000000007","42.497508805399605"
"0.9160000000000007","42.527869535489465"
"0.9170000000000007","42.55821056285959"
"0.9180000000000007","42.588531913864564"
"0.9190000000000007","42.618833614807436"
"0.9200000000000007","42.6491156919399"
"0.9210000000000007","42.6793781714624"
"0.9220000000000007","42.7096210795243"
"0.9230000000000007","42.73984444222394"
"0.9240000000000007","42.770048285608866"
"0.9250000000000007","42.80023263567588"
"0.9260000000000007","42.830397518371235"
"0.9270000000000007","42.86054295959071"
"0.9280000000000007","42.890668985179786"
"0.9290000000000007","42.920775620933746"
"0.9300000000000007","42.95086289259783"
"0.9310000000000007","42.98093082586735"
"0.9320000000000007","43.01097944638779"
"0.9330000000000007","43.04100877975502"
"0.9340000000000007","43.07101885151532"
"0.9350000000000007","43.10100968716558"
"0.9360000000000007","43.1309813121534"
"0.9370000000000007","43.160933751877224"
"0.9380000000000007","43.19086703168646"
"0.9390000000000007","43.2207811768816"
"0.9400000000000007","43.25067621271438"
"0.9410000000000007","43.28055216438786"
"0.9420000000000007","43.31040905705658"
"0.9430000000000007","43.34024691582667"
"0.9440000000000007","43.37006576575597"
"0.9450000000000007","43.399865631854176"
"0.9460000000000007","43.42964653908295"
"0.9470000000000007","43.459408512356035"
"0.9480000000000007","43.48915157653938"
"0.9490000000000007","43.51887575645127"
"0.9500000000000007","43.54858107686246"
"0.9510000000000007","43.578267562496265"
"0.9520000000000007","43.607935238028695"
"0.9530000000000007","43.637584128088584"
"0.9540000000000007","43.6672142572577"
"0.9550000000000007","43.69682565007087"
"0.9560000000000007","43.7264183310161"
"0.9570000000000007","43.75599232453469"
"0.9580000000000007","43.78554765502135"
"0.9590000000000007","43.81508434682433"
"0.9600000000000007","43.84460242424553"
"0.9610000000000007","43.874101911540606"
"0.9620000000000007","43.90358283291911"
"0.9630000000000007","43.933045212544606"
"0.9640000000000007","43.96248907453475"
"0.9650000000000007","43.99191444296145"
"0.9660000000000007","44.021321341850964"
"0.9670000000000007","44.050709795184005"
"0.9680000000000007","44.080079826895876"
"0.9690000000000007","44.10943146087657"
"0.9700000000000008","44.13876472097089"
"0.9710000000000008","44.16807963097856"
"0.9720000000000008","44.19737621465435"
"0.9730000000000008","44.22665449570815"
"0.9740000000000008","44.25591449780516"
"0.9750000000000008","44.285156244565904"
"0.9760000000000008","44.31437975956642"
"0.9770000000000008","44.34358506633835"
"0.9780000000000008","44.37277218836902"
"0.9790000000000008","44.401941149101596"
"0.9800000000000008","44.431091971935174"
"0.9810000000000008","44.46022468022488"
"0.9820000000000008","44.48933929728201"
"0.9830000000000008","44.51843584637409"
"0.9840000000000008","44.547514350725045"
"0.9850000000000008","44.57657483351527"
"0.9860000000000008","44.60561731788174"
"0.9870000000000008","44.634641826918134"
"0.9880000000000008","44.66364838367494"
"0.9890000000000008","44.69263701115953"
"0.9900000000000008","44.72160773233633"
"0.9910000000000008","44.75056057012687"
"0.9920000000000008","44.779495547409915"
"0.9930000000000008","44.808412687021566"
"0.9940000000000008","44.83731201175537"
"0.9950000000000008","44.86619354436243"
"0.9960000000000008","44.89505730755149"
"0.9970000000000008","44.92390332398906"
"0.9980000000000008","44.952731616299516"
"0.9990000000000008","44.981542207065196"
"1.0000000000000007","45.01033511882652"
"1.0010000000000006","45.03911037408207"
"1.0020000000000004","45.06786799528872"
"1.0030000000000003","45.09660800486172"
"1.0040000000000002","45.12533042517481"
"1.0050000000000001","45.1540352785603"
"1.006","45.1827225873092"
"1.007","45.211392373671316"
"1.0079999999999998","45.240044659855336"
"1.0089999999999997","45.26867946802894"
"1.0099999999999996","45.29729682031891"
"1.0109999999999995","45.325896738811224"
"1.0119999999999993","45.35447924555113"
"1.0129999999999992","45.3830443625433"
"1.0139999999999991","45.41159211175189"
"1.014999999999999","45.440122515100626"
"1.015999999999999","45.46863559447296"
"1.0169999999999988","45.49713137171211"
"1.0179999999999987","45.52560986862119"
"1.0189999999999986","45.5540711069633"
"1.0199999999999985","45.58251510846162"
"1.0209999999999984","45.61094189479952"
"1.0219999999999982","45.63935148762063"
"1.0229999999999981","45.66774390852898"
"1.023999999999998","45.69611917908906"
"1.024999999999998","45.72447732082591"
"1.0259999999999978","45.752818355225266"
"1.0269999999999977","45.781142303733596"
"1.0279999999999976","45.80944918775823"
"1.0289999999999975","45.83773902866746"
"1.0299999999999974","45.866011847790595"
"1.0309999999999973","45.89426766641811"
"1.0319999999999971","45.9225065058017"
"1.032999999999997","45.95072838715439"
"1.033999999999997","45.97893333165062"
"1.0349999999999968","46.007121360426346"
"1.0359999999999967","46.035292494579124"
"1.0369999999999966","46.06344675516822"
"1.0379999999999965","46.09158416321469"
"1.0389999999999964","46.11970473970147"
"1.0399999999999963","46.14780850557346"
"1.0409999999999962","46.17589548173765"
"1.041999999999996","46.20396568906317"
"1.042999999999996","46.2320191483814"
"1.0439999999999958","46.26005588048607"
"1.0449999999999957","46.28807590613334"
"1.0459999999999956","46.31607924604189"
"1.0469999999999955","46.34406592089299"
"1.0479999999999954","46.37203595133064"
"1.0489999999999953","46.399989357961616"
"1.0499999999999952","46.42792616135557"
"1.050999999999995","46.45584638204513"
"1.051999999999995","46.483750040525976"
"1.0529999999999948","46.51163715725693"
"1.0539999999999947","46.53950775266004"
"1.0549999999999946","46.56736184712071"
"1.0559999999999945","46.5951994609877"
"1.0569999999999944","46.6230206145733"
"1.0579999999999943","46.650825328153374"
"1.0589999999999942","46.67861362196745"
"1.059999999999994","46.706385516218816"
"1.060999999999994","46.73414103107461"
"1.0619999999999938","46.76188018666588"
"1.0629999999999937","46.78960300308769"
"1.0639999999999936","46.817309500399226"
"1.0649999999999935","46.84499969862383"
"1.0659999999999934","46.87267361774912"
"1.0669999999999933","46.90033127772708"
"1.0679999999999932","46.92797269847412"
"1.068999999999993","46.95559789987117"
"1.069999999999993","46.983206901763786"
"1.0709999999999928","47.01079972396219"
"1.0719999999999927","47.03837638624138"
"1.0729999999999926","47.06593690834123"
"1.0739999999999925","47.093481309966535"
"1.0749999999999924","47.12100961078712"
"1.0759999999999923","47.14852183043791"
"1.0769999999999922","47.176017988519014"
"1.077999999999992","47.20349810459582"
"1.078999999999992","47.230962198199066"
"1.0799999999999919","47.258410288824905"
"1.0809999999999917","47.28584239593502"
"1.0819999999999916","47.31325853895669"
"1.0829999999999915","47.34065873728285"
"1.0839999999999914","47.36804301027221"
"1.0849999999999913","47.3954113772493"
"1.0859999999999912","47.42276385750459"
"1.086999999999991","47.450100470294515"
"1.087999999999991","47.4774212348416"
"1.0889999999999909","47.50472617033452"
"1.0899999999999908","47.5320152959282"
"1.0909999999999906","47.55928863074384"
"1.0919999999999905","47.586546193869076"
"1.0929999999999904","47.61378800435798"
"1.0939999999999903","47.64101408123119"
"1.0949999999999902","47.66822444347596"
"1.09599999999999","47.695419110046245"
"1.09699999999999","47.72259809986279"
"1.0979999999999899","47.7497614318132"
"1.0989999999999898","47.776909124751995"
"1.0999999999999897","47.80404119750073"
"1.1009999999999895","47.831157668848036"
"1.1019999999999894","47.8582585575497"
"1.1029999999999893","47.885343882328776"
"1.1039999999999892","47.91241366187561"
"1.104999999999989","47.93946791484795"
"1.105999999999989","47.966506659871015"
"1.1069999999999889","47.99352991553756"
"1.1079999999999888","48.02053770040796"
"1.1089999999999887","48.04753003301028"
"1.1099999999999886","48.074506931840375"
"1.1109999999999884","48.10146841536191"
"1.1119999999999883","48.12841450200647"
"1.1129999999999882","48.15534521017366"
"1.113999999999988","48.182260558231114"
"1.114999999999988","48.209160564514626"
"1.115999999999988","48.236045247328185"
"1.1169999999999878","48.262914624944074"
"1.1179999999999877","48.289768715602925"
"1.1189999999999876","48.31660753751381"
"1.1199999999999875","48.34343110885429"
"1.1209999999999873","48.37023944777051"
"1.1219999999999872","48.39703257237725"
"1.1229999999999871","48.423810500758016"
"1.123999999999987","48.45057325096511"
"1.124999999999987","48.47732084101967"
"1.1259999999999868","48.50405328891179"
"1.1269999999999867","48.53077061260056"
"1.1279999999999866","48.55747283001415"
"1.1289999999999865","48.584159959049856"
"1.1299999999999863","48.610832017574204"
"1.1309999999999862","48.637489023423"
"1.1319999999999861","48.664130994401404"
"1.132999999999986","48.690757948284"
"1.133999999999986","48.71736990281487"
"1.1349999999999858","48.74396687570767"
"1.1359999999999857","48.77054888464566"
"1.1369999999999856","48.79711594728183"
"1.1379999999999855","48.82366808123892"
"1.1389999999999854","48.85020530410953"
"1.1399999999999852","48.87672763345614"
"1.1409999999999851","48.903235086811236"
"1.141999999999985","48.929727681677335"
"1.142999999999985","48.95620543552705"
"1.1439999999999848","48.98266836580321"
"1.1449999999999847","49.009116489918846"
"1.1459999999999846","49.03554982525734"
"1.1469999999999845","49.061968389172435"
"1.1479999999999844","49.08837219898833"
"1.1489999999999843","49.11476127199973"
"1.1499999999999841","49.14113562547194"
"1.150999999999984","49.167495276640885"
"1.151999999999984","49.19384024271322"
"1.1529999999999838","49.220170540866384"
"1.1539999999999837","49.246486188248646"
"1.1549999999999836","49.27278720197919"
"1.1559999999999835","49.299073599148194"
"1.1569999999999834","49.32534539681685"
"1.1579999999999833","49.35160261201747"
"1.1589999999999832","49.37784526175354"
"1.159999999999983","49.40407336299977"
"1.160999999999983","49.430286932702174"
"1.1619999999999828","49.45648598777814"
"1.1629999999999827","49.48267054511647"
"1.1639999999999826","49.50884062157747"
"1.1649999999999825","49.534996233993"
"1.1659999999999824","49.561137399166526"
"1.1669999999999823","49.58726413387321"
"1.1679999999999822","49.61337645485996"
"1.168999999999982","49.639474378845485"
"1.169999999999982","49.665557922520364"
"1.1709999999999818","49.69162710254712"
"1.1719999999999817","49.71768193556028"
"1.1729999999999816","49.7437224381664"
"1.1739999999999815","49.769748626944185"
"1.1749999999999814","49.79576051844451"