"0.07607430487596638","1.000002637256008"
"0.15202332853421005","1.0000078869091547"
"0.22784748283991063","1.000015724223303"
"0.30354717763053635","1.000026124584242"
"0.37912282072915393","1.000039063498886"
"0.4545748179576293","1.0000545165944819"
"0.5299035731497201","1.0000724596178208"
"0.6051094881640622","1.0000928684344588"
"0.6801929628970482","1.000115719027942"
"0.755154395295604","1.0001409874990383"
"0.8299941813698588","1.0001686500649765"
"0.904712715205714","1.0001986830586893"
"0.9793103889773094","1.0002310629280657"
"1.053787592959389","1.0002657662352061"
"1.128144715539567","1.0003027696556859"
"1.202382143230494","1.0003420499778235"
"1.2765002606819267","1.0003835841019548"
"1.3504994506926995","1.0004273490397142"
"1.4243800942226001","1.0004733219133195"
"1.4981425704041509","1.000521479954865"
"1.571787256554295","1.0005718005056177"
"1.6453145281859891","1.0006242610153213"
"1.7187247590197055","1.0006788390415042"
"1.7920183209948395","1.0007355122487944"
"1.8651955842810295","1.0007942584082379"
"1.9382569172893849","1.000855055396625"
"2.011202686683626","1.0009178811958193"
"2.0840332573911353","1.0009827138920944"
"2.1567489926139234","1.0010495316754744"
"2.2293502538395047","1.00111831283908"
"2.301837400851691","1.001189035778479"
"2.3742107917412985","1.0012616789910438"
"2.446470782916772","1.001336221075312"
"2.518617729114724","1.0014126407303532"
"2.5906519834103934","1.0014909167551396"
"2.6625738972280204","1.0015710280479229"
"2.734383820351143","1.0016529536056153"
"2.8060821009328105","1.0017366725231753"
"2.877669085505721","1.0018221639929983"
"2.9491451189922766","1.001909407304312"
"3.0205105447145617","1.0019983818425768"
"3.0917657044042475","1.0020890670888905"
"3.162910938212415","1.0021814426193971"
"3.233946584719305","1.0022754881047014"
"3.3048729809439923","1.0023711833092868"
"3.375690462353986","1.0024685080909388"
"3.446399362874755","1.002567442400172"
"3.517000014899183","1.0026679662796616"
"3.587492749296947","1.0027700598636797"
"3.6578778954238267","1.002873703377536"
"3.728155781130945","1.0029788771370214"
"3.7983267327739325","1.003085561547858"
"3.868391075222028","1.0031937371051518"
"3.938349131867106","1.0033033843928494"
"4.008201224632636","1.0034144840832002"
"4.077947673982577","1.003527016936221"
"4.1475887989302045","1.003640963799166"
"4.217124917046862","1.0037563056060002"
"4.28655634447066","1.0038730233768764"
"4.355883395915103","1.0039910982176172"
"4.425106384677647","1.0041105113191997"
"4.494225622648202","1.0042312439572452"
"4.5632414203175635","1.0043532774915114"
"4.632154086785786","1.0044765933653896"
"4.7009639297704915","1.0046011731054056"
"4.769671255615113","1.0047269983207234"
"4.838276369297083","1.0048540507026529"
"4.906779574435957","1.004982312024162"
"4.975181173301476","1.0051117641393919"
"5.043481466821575","1.0052423889831752"
"5.111680754590322","1.005374168570559"
"5.179779334875806","1.0055070849963308"
"5.247777504627971","1.0056411204345472"
"5.315675559486376","1.0057762571380673"
"5.383473793787917","1.0059124774380892"
"5.451172500574477","1.0060497637436892"
"5.51877197160053","1.006188098541365"
"5.586272497340685","1.0063274643945828"
"5.653674366997174","1.0064678439433261"
"5.720977868507285","1.0066092199036494"
"5.788183288550747","1.0067515750672344"
"5.855290912557052","1.0068948923009495"
"5.9223010247127315","1.0070391545464126"
"5.989213907968573","1.0071843448195568"
"6.05602984404679","1.0073304462101997"
"6.122749113448141","1.0074774418816157"
"6.189371995458989","1.0076253150701109"
"6.2558987681583185","1.007774049084602"
"6.322329708424695","1.0079236273061976"
"6.388665091943181","1.008074033187782"
"6.454905193212198","1.0082252502536033"
"6.521050285550343","1.0083772620988636"
"6.587100641103146","1.008530052389312"
"6.653056530849794","1.0086836048608414"
"6.718918224609796","1.008837903319087"
"6.784685991049605","1.008992931639029"
"6.8503600976891885","1.009148673764596"
"6.915940810908562","1.0093051137082747"
"6.981428395954262","1.0094622355507186"
"7.0468231169457844","1.0096200234403618"
"7.112125236881974","1.0097784615930352"
"7.1773350176473665","1.0099375342915844"
"7.242452720018485","1.010097225885492"
"7.3074786036700985","1.0102575207905002"
"7.37241292718143","1.0104184034882395"
"7.437255948042322","1.0105798585258559"
"7.502007922659362","1.0107418705156441"
"7.56666910636196","1.0109044241346818"
"7.631239753408388","1.011067504124466"
"7.695720116991774","1.0112310952905539"
"7.760110449246056","1.0113951825022034"
"7.824411001251894","1.0115597506920189"
"7.888622023042539","1.0117247848555981"
"7.952743763609663","1.0118902700511814"
"8.016776470909152","1.0120561913993036"
"8.080720391866846","1.012222534082449"
"8.14457577238426","1.012389283344708"
"8.208342857344244","1.012556424491435"
"8.272021890616617","1.0127239428889117"
"8.33561311506376","1.0128918239640103"
"8.399116772546163","1.0130600532038594"
"8.46253310392795","1.0132286161555122"
"8.525862349082345","1.0133974984256182"
"8.58910474689712","1.0135666856800958"
"8.652260535279988","1.013736163643807"
"8.715329951163977","1.0139059181002352"
"8.778313230512753","1.0140759348911654"
"8.841210608325913","1.0142461999163654"
"8.904022318644241","1.0144166991332704"
"8.966748594554927","1.0145874185566681"
"9.029389668196753","1.0147583442583887"
"9.091945770765241","1.0149294623669938"
"9.15441713251777","1.0151007590674697"
"9.21680398277865","1.015272220600922"
"9.279106549944176","1.015443833264272"
"9.34132506148763","1.0156155834099554"
"9.403459743964266","1.0157874574456238"
"9.465510823016249","1.0159594418338465"
"9.52747852337757","1.0161315230918155"
"9.589363068878916","1.016303687791053"
"9.651164682452528","1.016475922557119"
"9.712883586137002","1.016648214069323"
"9.774520001082072","1.0168205490604358"
"9.836074147553363","1.0169929143164051"
"9.897546244937104","1.0171652966760707"
"9.95893651174481","1.0173376830308833"
"10.020245165617943","1.0175100603246252"
"10.081472423332533","1.0176824155531317"
"10.142618500803767","1.017854735764015"
"10.203683613090554","1.0180270080563911"
"10.264667974400059","1.0181992195806056"
"10.325571798092199","1.018371357537964"
"10.38639529668412","1.0185434091804635"
"10.447138681854637","1.0187153618105242"
"10.507802164448652","1.0188872027807256"
"10.568385954481531","1.0190589194935415"
"10.628890261143468","1.0192304994010795"
"10.689315292803803","1.0194019300048194"
"10.749661257015328","1.0195731988553562"
"10.809928360518553","1.0197442935521426"
"10.870116809245953","1.0199152017432338"
"10.930226808326179","1.0200859111250349"
"10.990258562088247","1.020256409442048"
"11.0502122740657","1.0204266844866234"
"11.11008814700074","1.0205967240987097"
"11.16988638284833","1.0207665161656083"
"11.229607182780283","1.0209360486217274"
"11.289250747189305","1.0211053094483384"
"11.348817275693033","1.0212742866733338"
"11.408306967138026","1.0214429683709865"
"11.467720019603746","1.0216113426617113"
"11.52705663040651","1.021779397711827"
"11.586316996103404","1.021947121733321"
"11.645501312496197","1.0221145029836138"
"11.704609774635204","1.0222815297653278"
"11.763642576823136","1.0224481904260543"
"11.82259991261893","1.0226144733581242"
"11.881481974841547","1.0227803669983795"
"11.940288955573747","1.0229458598279468"
"11.99902104616584","1.023110940372011"
"12.057678437239417","1.023275597199591"
"12.116261318691052","1.0234398189233185"
"12.174769879695983","1.0236035941992148"
"12.233204308711773","1.023766911726472"
"12.291564793481937","1.023929760247235"
"12.34985152103956","1.024092128546383"
"12.40806467771088","1.024254005451315"
"12.466204449118862","1.0244153798317344"
"12.524271020186733","1.024576240599437"
"12.582264575141505","1.0247365767080987"
"12.640185297517478","1.0248963771530657"
"12.698033370159711","1.0250556309711445"
"12.755808975227485","1.0252143272403953"
"12.813512294197725","1.0253724550799246"
"12.871143507868423","1.025530003649681"
"12.928702796362025","1.025686962150251"
"12.986190339128797","1.0258433198226558"
"13.043606314950178","1.0259990659481513"
"13.100950901942108","1.0261541898480266"
"13.15822427755833","1.0263086808834065"
"13.215426618593684","1.026462528455053"
"13.272558101187363","1.0266157220031693"
"13.32961890082617","1.026768251007205"
"13.386609192347736","1.0269201049856613"
"13.44352914994373","1.0270712734958993"
"13.500378947163043","1.027221746133948"
"13.557158756914953","1.0273715125343132"
"13.613868751472278","1.0275205623697903"
"13.670509102474497","1.0276688853512739"
"13.727079980930863","1.0278164712275726"
"13.783581557223489","1.0279633097852225"
"13.840014001110418","1.0281093908483032"
"13.896377481728683","1.0282547042782537"
"13.952672167597326","1.0283992399736908"
"14.008898226620426","1.0285429878702268"
"14.065055826090086","1.0286859379402906"
"14.121145132689417","1.028828080192948"
"14.177166312495494","1.0289694046737237"
"14.233119530982297","1.029109901464425"
"14.289004953023639","1.0292495606829655"
"14.34482274289607","1.0293883724831905"
"14.400573064281767","1.0295263270547037"
"14.456256080271402","1.029663414622694"
"14.511871953366997","1.0297996254477644"
"14.567420845484767","1.0299349498257615"
"14.622902917957928","1.0300693780876056"
"14.67831833153951","1.0302029005991227"
"14.733667246405137","1.0303355077608765"
"14.7889498221558","1.0304671900080025"
"14.844166217820606","1.030597937810042"
"14.899316591859515","1.0307277416707783"
"14.954401102166061","1.0308565921280723"
"15.009419906070056","1.030984479753701"
"15.064373160340272","1.0311113951531952"
"15.119261021187123","1.0312373289656789"
"15.174083644265307","1.0313622718637103"
"15.228841184676458","1.0314862145531227"
"15.28353379697176","1.0316091477728668"
"15.338161635154563","1.031731062294854"
"15.39272485268297","1.0318519489238"
"15.447223602472421","1.0319717984970713"
"15.501658036898249","1.0320906018845293"
"15.55602830779823","1.032208349988378"
"15.61033456647512","1.0323250337430128"
"15.664576963699162","1.032440644114867"
"15.718755649710598","1.0325551721022634"
"15.772870774222152","1.0326686087352634"
"15.826922486421507","1.0327809450755194"
"15.880910934973759","1.032892172216126"
"15.934836268023863","1.0330022812814736"
"15.988698633199068","1.0331112634271025"
"16.042498177611325","1.033219109839557"
"16.096235047859697","1.0333258117362414"
"16.14990939003274","1.0334313603652772"
"16.203521349710876","1.0335357470053588"
"16.257071071968763","1.033638962965613"
"16.310558701377637","1.0337409995854576"
"16.363984382007633","1.0338418482344607"
"16.417348257430124","1.0339415003122014"
"16.470650470720017","1.0340399472481323"
"16.52389116445804","1.03413718050144"
"16.57707048073303","1.0342331915609093"
"16.630188561144205","1.0343279719447864"
"16.683245546803395","1.0344215132006436"
"16.736241578337307","1.0345138069052449"
"16.789176795889738","1.0346048446644114"
"16.842051339123792","1.0346946181128893"
"16.894865347224084","1.0347831189142167"
"16.94761895889893","1.0348703387605918"
"17.00031231238252","1.034956269372743"
"17.052945545437083","1.035040902499798"
"17.10551879535505","1.035124229919155"
"17.158032198961173","1.0352062434363534"
"17.210485892614674","1.0352869348849467"
"17.26288001221134","1.0353662961263748"
"17.315214693185645","1.0354443190498377"
"17.367490070512833","1.03552099557217"
"17.419706278710994","1.0355963176377156"
"17.471863451843134","1.0356702772182036"
"17.523961723519243","1.0357428663126245"
"17.57600122689832","1.0358140769471076"
"17.62798209469042","1.0358839011747987"
"17.679904459158674","1.0359523310757381"
"17.731768452121294","1.0360193587567408"
"17.783574204953574","1.0360849763512752"
"17.835321848589878","1.0361491760193446"
"17.88701151352562","1.0362119499473679"
"17.938643329819225","1.0362732903480614"
"17.990217427094084","1.0363331894603214"
"18.041733934540503","1.036391639549108"
"18.093192980917625","1.0364486329053277"
"18.14459469455536","1.036504161845719"
"18.195939203356296","1.036558218712737"
"18.247226634797602","1.036610795874439"
"18.298457115932905","1.036661885724372"
"18.349630773394185","1.0367114806814577"
"18.40074773339364","1.0367595731898824"
"18.451808121725534","1.0368061557189838"
"18.50281206376806","1.0368512207631404"
"18.553759684485176","1.036894760841661"
"18.604651108428417","1.0369367684986748"
"18.655486459738736","1.036977236303022"
"18.7062658621483","1.0370161568481457"
"18.756989438982284","1.0370535227519828"
"18.80765731316067","1.0370893266568575"
"18.85826960720002","1.037123561229374"
"18.908826443215244","1.0371562191603105"
"18.959327942921355","1.0371872931645127"
"19.009774227635226","1.0372167759807898"
"19.06016541827733","1.0372446603718088"
"19.11050163537346","1.0372709391239918"
"19.160782999056458","1.0372956050474111"
"19.21100962906793","1.0373186509756878"
"19.261181644759937","1.037340069765888"
"19.311299165096695","1.0373598542984228"
"19.36136230865626","1.0373779974769457"
"19.4113711936322","1.0373944922282525"
"19.46132593783525","1.0374093315021813"
"19.511226658694994","1.0374225082715125"
"19.561073473261487","1.0374340155318706"
"19.610866498206907","1.0374438463016253"
"19.66060584982718","1.037451993621793"
"19.710291644043608","1.0374584505559403"
"19.759923996404464","1.0374632101900867"
"19.809503022086616","1.0374662656326081"
"19.85902883589711","1.0374676100141413"
"19.908501552274757","1.0374672364874884"
"19.957921285291718","1.0374651382275222"
"20.007288148655064","1.0374613084310915"
"20.05660225570834","1.0374557403169278"
"20.105863719433128","1.0374484271255515"
"20.15507265245057","1.0374393621191798"
"20.204229167022927","1.0374285385816335"
"20.25333337505509","1.0374159498182458"
"20.302385388096106","1.0374015891557709"
"20.351385317340693","1.0373854499422928"
"20.40033327363074","1.0373675255471355"
"20.449229367456798","1.0373478093607724"
"20.498073708959584","1.037326294794738"
"20.54686640793144","1.0373029752815375"
"20.59560757381782","1.0372778442745596"
"20.644297315718745","1.037250895247988"
"20.69293574239027","1.0372221216967137"
"20.74152296224592","1.0371915171362485"
"20.790059083358145","1.0371590751026376"
"20.83854421345974","1.0371247891523743"
"20.886978459945286","1.0370886528623138"
"20.935361929872553","1.0370506598295879"
"20.983694729963922","1.0370108036715207"
"21.031976966607786","1.0369690780255436"
"21.08020874585995","1.0369254765491118"
"21.128390173445002","1.0368799929196209"
"21.17652135475773","1.0368326208343233"
"21.22460239486446","1.0367833540102465"
"21.272633398504443","1.03673218618411"
"21.32061447009122","1.0366791111122442"
"21.368545713713957","1.0366241225705088"
"21.41642723313881","1.0365672143542122"
"21.46425913181025","1.0365083802780304"
"21.512041512852402","1.0364476141759278"
"21.559774479070377","1.0363849099010767"
"21.607458132951578","1.0363202613257787"
"21.65509257666702","1.0362536623413856"
"21.702677912072627","1.0361851068582213"
"21.750214240710545","1.0361145888055032"
"21.797701663810415","1.0360421021312651"
"21.845140282290675","1.0359676408022798"
"21.892530196759832","1.0358911988039825"
"21.939871507517726","1.035812770140394"
"21.987164314556807","1.035732348834045"
"22.034408717563387","1.0356499289259007"
"22.081604815918897","1.0355655044752847"
"22.12875270870113","1.035479069559805"
"22.175852494685476","1.0353906182752795"
"22.222904272346167","1.035300144735661"
"22.269908139857495","1.0352076430729644"
"22.316864195095036","1.0351131074371933"
"22.36377253563686","1.0350165319962668"
"22.41063325876474","1.0349179109359465"
"22.45744646146537","1.0348172384597651"
"22.504212240431535","1.0347145087889542"
"22.550930692063325","1.0346097161623726"
"22.597601912469298","1.0345028548364354"
"22.644225997467675","1.034393919085043"
"22.690803042587508","1.0342829031995113"
"22.737333143069836","1.0341698014885006"
"22.783816393868857","1.0340546082779472"
"22.830252889653078","1.0339373179109927"
"22.876642724806466","1.0338179247479162"
"22.922985993429585","1.033696423166065"
"22.96928278934074","1.0335728075597863"
"23.0155332060771","1.0334470723403593"
"23.061737336895842","1.0333192119359278"
"23.107895274775245","1.0331892207914328"
"23.154007112415826","1.0330570933685455"
"23.200072942241434","1.0329228241456005"
"23.246092856400367","1.03278640761753"
"23.292066946766457","1.032647838295797"
"23.337995304940176","1.0325071107083315"
"23.383878022249707","1.0323642193994627"
"23.42971518975204","1.032219158929856"
"23.475506898234045","1.0320719238764473"
"23.52125323821353","1.0319225088323796"
"23.56695429994032","1.0317709084069382"
"23.612610173397325","1.031617117225487"
"23.658220948301572","1.031461129929406"
"23.70378671410527","1.0313029411760273"
"23.749307559996854","1.0311425456385725"
"23.79478357490202","1.0309799380060911"
"23.840214847484763","1.0308151129833973"
"23.885601466148405","1.030648065291009"
"23.930943519036614","1.030478789665086"
"23.976241094034435","1.0303072808573683"
"24.021494278769293","1.0301335336351163"
"24.066703160612008","1.0299575427810488"
"24.1118678266778","1.029779303093284"
"24.156988363827278","1.029598809385279"
"24.202064858667455","1.0294160564857695"
"24.247097397552714","1.0292310392387114"
"24.292086066585814","1.0290437525032208"
"24.33703095161885","1.0288541911535154"
"24.381932138254246","1.0286623500788565"
"24.426789711845714","1.02846822418349"
"24.47160375749922","1.0282718083865885"
"24.516374360073957","1.0280730976221943"
"24.56110160418329","1.027872086839161"
"24.605785574195703","1.027668771001097"
"24.650426354235766","1.027463145086308"
"24.695024028185053","1.0272552040877416"
"24.7395786796831","1.0270449430129296"
"24.78409039212833","1.0268323568839328"
"24.82855924867898","1.0266174407372852"
"24.872985332254036","1.0264001896239379"
"24.917368725534132","1.0261805986092043"
"24.96170951096249","1.025958662772705"
"25.00600777074581","1.0257343772083138"
"25.050263586855202","1.025507737024102"
"25.094477041027062","1.0252787373422847"
"25.138648214763982","1.0250473732991676"
"25.18277718933565","1.0248136400450925"
"25.226864045779724","1.024577532744384"
"25.270908864902736","1.0243390465752966"
"25.314911727280958","1.0240981767299617"
"25.358872713261285","1.023854918414335"
"25.40279190296211","1.0236092668481442"
"25.44666937627419","1.0233612172648363"
"25.490505212861503","1.0231107649115265"
"25.534299492162127","1.0228579050489461"
"25.578052293389074","1.0226026329513913"
"25.621763695531165","1.0223449439066714"
"25.665433777353854","1.0220848332160593"
"25.709062617400093","1.021822296194239"
"25.752650293991163","1.0215573281692567"
"25.796196885227506","1.02128992448247"
"25.839702468989568","1.021020080488498"
"25.88316712293862","1.0207477915551713"
"25.92659092451758","1.020473053063483"
"25.969973950951843","1.0201958604075387"
"26.01331627925009","1.0199162089945089"
"26.056617986205104","1.0196340942445787"
"26.099879148394574","1.0193495115909"
"26.14309984218191","1.019062456479543"
"26.186280143717042","1.0187729243694483"
"26.229420128937203","1.0184809107323787"
"26.27251987356774","1.0181864110528716"
"26.315579453122908","1.017889420828192"
"26.358598942906635","1.0175899355682847"
"26.401578418013322","1.0172879507957278"
"26.44451795332862","1.0169834620456855"
"26.487417623530202","1.016676464865862"
"26.530277503088534","1.0163669548164547"
"26.57309766626765","1.0160549274701087"
"26.61587818712591","1.0157403784118701"
"26.658619139516773","1.0154233032391413"
"26.701320597089534","1.0151036975616343"
"26.743982633290095","1.0147815570013268"
"26.786605321361716","1.0144568771924158"
"26.82918873434575","1.014129653781274"
"26.8717329450824","1.0137998824264045"
"26.914238026211454","1.0134675587983961"
"26.956704050173023","1.0131326785798798"
"26.999131089208273","1.012795237465484"
"27.041519215360154","1.0124552311617916"
"27.083868500474132","1.0121126553872957"
"27.12617901619891","1.011767505872356"
"27.168450833987148","1.0114197783591568"
"27.210684025096178","1.0110694686016624"
"27.252878660588728","1.0107165723655753"
"27.295034811333615","1.0103610854282934"
"27.337152548006465","1.0100030035788672"
"27.379231941090417","1.009642322617958"
"27.421273060876818","1.009279038357796"
"27.463275977465923","1.008913146622138"
"27.50524076076759","1.0085446432462253"
"27.547167480501976","1.0081735240767438"
"27.589056206200212","1.0077997849717815"
"27.6309070072051","1.0074234218007874"
"27.67271995267179","1.007044430444531"
"27.714495111568464","1.0066628067950618"
"27.756232552677","1.006278546755668"
"27.79793234459366","1.0058916462408372"
"27.83959455572975","1.0055021011762149"
"27.881219254312285","1.0051099074985659"
"27.922806508384657","1.0047150611557336"
"27.964356385807296","1.0043175581066006"
"28.00586895425833","1.0039173943210495"
"28.04734428123423","1.0035145657799236"
"28.088782434050476","1.0031090684749873"
"28.130183479842188","1.0027008984088877"
"28.171547485564787","1.0022900515951159"
"28.21287451799463","1.0018765240579681"
"28.25416464372966","1.0014603118325076"
"28.295417929190027","1.001041410964526"
"28.336634440618738","1.000619817510506"
"28.37781424408228","1.0001955275375831"
"28.41895740547125","0.9997685371235076"
"28.460063990500984","0.9993388423566073"
"28.501134064712176","0.9989064393357505"
"28.5421676934715","0.9984713241703084"
"28.583164941972235","0.998033492980118"
"28.624125875234864","0.9975929418954457"
"28.665050558107698","0.99714966705695"
"28.705939055267486","0.9967036646156454"
"28.746791431220018","0.9962549307328661"
"28.78760775030073","0.9958034615802294"
"28.8283880766753","0.9953492533395998"
"28.869132474340255","0.9948923022030532"
"28.909841007123568","0.9944326043728413"
"28.950513738685242","0.9939701560613556"
"28.99115073251791","0.9935049534910925"
"29.03175205194741","0.9930369928946174"
"29.072317760133398","0.9925662705145304"
"29.1128479200699","0.9920927826034306"
"29.153342594585908","0.9916165254238819"
"29.19380184634596","0.9911374952483779"
"29.234225737850707","0.9906556883593078"
"29.274614331437498","0.9901711010489218"
"29.31496768928093","0.9896837296192968"
"29.35528587339344","0.989193570382303"
"29.395568945625854","0.9887006196595693"
"29.435816967667957","0.9882048737824499"
"29.47603000104905","0.9877063290919906"
"29.516208107138514","0.9872049819388956"
"29.556351347146357","0.9867008286834938"
"29.596459782123773","0.9861938656957062"
"29.636533472963695","0.9856840893550123"
"29.676572480401333","0.9851714960504176"
"29.716576865014737","0.984656082180421"
"29.756546687225324","0.9841378441529817"
"29.796482007298426","0.9836167783854873"
"29.836382885343834","0.9830928813047216"
"29.876249381316327","0.9825661493468317"
"29.91608155501621","0.9820365789572967"
"29.95587946608984","0.9815041665908955"
"29.995643174030175","0.9809689087116753"
"30.035372738177273","0.9804308017929197"
"30.07506821771884","0.9798898423171177"
"30.114729671690746","0.9793460267759319"
"30.15435715897754","0.9787993516701673"
"30.193950738312974","0.9782498135097409"
"30.23351046828052","0.9776974088136501"
"30.273036407313885","0.9771421341099421"
"30.312528613697513","0.9765839859356835"
"30.351987145567104","0.9760229608369294"
"30.391412060910127","0.9754590553686934"
"30.43080341756631","0.9748922660949169"
"30.47016127322815","0.9743225895884394"
"30.50948568544142","0.9737500224309684"
"30.548776711605658","0.9731745612130492"
"30.588034408974675","0.9725962025340358"
"30.627258834657038","0.9720149430020605"
"30.666450045616568","0.971430779234005"
"30.70560809867283","0.9708437078554709"
"30.744733050501623","0.9702537255007504"
"30.783824957635463","0.9696608288127971"
"30.822883876464072","0.9690650144431975"
"30.861909863234853","0.9684662790521412"
"30.900902974053377","0.9678646193083932"
"30.939863264883858","0.9672600318892646"
"30.97879079154963","0.9666525134805843"
"31.017685609733622","0.966042060776671"
"31.056547774978824","0.965428670480304"
"31.095377342688764","0.964812339302696"
"31.134174368127976","0.9641930639634649"
"31.17293890642246","0.9635708411906054"
"31.211671012560153","0.9629456677204619"
"31.250370741391393","0.9623175402977001"
"31.289038147629366","0.9616864556752803"
"31.32767328585058","0.9610524106144294"
"31.36627621049531","0.9604154018846135"
"31.404846975868065","0.9597754262635113"
"31.44338563613802","0.9591324805369865"
"31.481892245339495","0.9584865614990609"
"31.520366857372377","0.9578376659518877"
"31.558809526002584","0.9571857907057247"
"31.597220304862503","0.9565309325789078"
"31.635599247451438","0.9558730883978239"
"31.673946407136047","0.9552122549968856"
"31.71226183715078","0.9545484292185037"
"31.750545590598325","0.9538816079130619"
"31.788797720450038","0.95321178793889"
"31.827018279546376","0.9525389661622389"
"31.86520732059733","0.9518631394572535"
"31.903364896182868","0.9511843047059482"
"31.94149105875334","0.9505024587981803"
"31.97958586062992","0.949817598631625"
"32.017649354005044","0.9491297211117495"
"32.0556815909428","0.9484388231517885"
"32.09368262337937","0.9477449016727181"
"32.131652503123476","0.9470479536032311"
"32.16959128185673","0.946347975879712"
"32.207499011134125","0.9456449654462119"
"32.245375742384404","0.9449389192544241"
"32.28322152691048","0.9442298342636588"
"32.321036415889864","0.9435177074408191"
"32.35882046037506","0.9428025357603761"
"32.39657371129397","0.9420843162043445"
"32.43429621945032","0.9413630457622588"
"32.47198803552404","0.9406387214311486"
"32.50964921007171","0.9399113402155144"
"32.54727979352688","0.9391808991273042"
"32.58487983620057","0.9384473951858892"
"32.62244938828159","0.93771082541804"
"32.65998849983697","0.9369711868579029"
"32.697497220812366","0.9362284765469767"
"32.734975601032424","0.9354826915340885"
"32.772423690201194","0.9347338288753707"
"32.80984153790251","0.9339818856342378"
"32.84722919360037","0.9332268588813629"
"32.884586706639354","0.9324687456946548"
"32.92191412624498","0.9317075431592348"
"32.959211501524095","0.9309432483674138"
"32.996478881465265","0.9301758584186697"
"33.03371631493915","0.9294053704196241"
"33.07092385069888","0.9286317814840204"
"33.10810153738045","0.9278550887327005"
"33.14524942350306","0.9270752892935828"
"33.18236755746953","0.9262923803016397"
"33.21945598756666","0.9255063588988753"
"33.25651476196558","0.9247172222343032"
"33.293543928722166","0.9239249674639243"
"33.33054353577735","0.9231295917507049"
"33.36751363095754","0.9223310922645547"
"33.40445426197495","0.9215294661823051"
"33.44136547642799","0.9207247106876876"
"33.47824732180161","0.9199168229713113"
"33.515099845467674","0.9191058002306424"
"33.551923094685314","0.918291639669982"
"33.58871711660129","0.9174743385004449"
"33.62548195825033","0.9166538939399385"
"33.662217666555534","0.9158303032131411"
"33.69892428832867","0.9150035635514813"
"33.735601870270564","0.9141736721931165"
"33.77225045897145","0.9133406263829122"
"33.80887010091129","0.9125044233724211"
"33.84546084246016","0.9116650604198618"
"33.88202272987858","0.910822534790099"
"33.918555809317844","0.9099768437546218"
"33.955060126820406","0.9091279845915242"
"33.99153572832019","0.9082759545854837"
"34.02798265964293","0.9074207510277416"
"34.06440096650654","0.9065623712160821"
"34.100790694521415","0.9057008124548126"
"34.137151889190804","0.9048360720547433"
"34.17348459591113","0.903968147333167"
"34.209788859972306","0.9030970356138395"
"34.24606472655812","0.9022227342269592"
"34.28231224074651","0.9013452405091478"
"34.31853144750994","0.9004645518034299"
"34.354722391715704","0.899580665459214"
"34.390885118126256","0.8986935788322725"
"34.42701967139955","0.8978032892847223"
"34.46312609608936","0.8969097941850053"
"34.49920443664561","0.8960130909078691"
"34.53525473741469","0.8951131768343477"
"34.57127704263977","0.8942100493517422"
"34.60727139646114","0.8933037058536019"
"34.64323784291651","0.8923941437397049"
"34.67917642594137","0.8914813604160396"
"34.71508718936925","0.8905653532947854"
"34.750970176932064","0.8896461197942936"
"34.786825432260436","0.8887236573390696"
"34.82265299888399","0.887797963359753"
"34.858452920231684","0.8868690352931001"
"34.89422523963211","0.8859368705819648"
"34.92997000031379","0.88500146667528"
"34.96568724540552","0.8840628210280395"
"35.00137701793665","0.8831209311012795"
"35.0370393608374","0.8821757943620608"
"35.07267431693915","0.88122740828345"
"35.108281928974776","0.8802757703445016"
"35.14386223957893","0.87932087803024"
"35.179415291288336","0.8783627288316417"
"35.2149411265421","0.8774013202456172"
"35.250439787682026","0.8764366497749935"
"35.28591131695288","0.8754687149284955"
"35.32135575650271","0.8744975132207294"
"35.35677314838315","0.8735230421721644"
"35.392163534549674","0.8725452993091153"
"35.427526956861946","0.8715642821637251"
"35.46286345708407","0.8705799882739474"
"35.49817307688489","0.8695924151835296"
"35.5334558578383","0.8686015604419947"
"35.5687118414235","0.8676074216046249"
"35.603941069025325","0.8666099962324441"
"35.6391435819345","0.8656092818922009"
"35.67431942134793","0.8646052761563515"
"35.709468628369","0.8635979766030429"
"35.74459124400784","0.862587380816096"
"35.77968730918163","0.8615734863849885"
"35.81475686471486","0.8605562909048388"
"35.849799951339605","0.8595357919763884"
"35.88481660969585","0.8585119872059862"
"35.91980688033171","0.8574848742055713"
"35.95477080370376","0.8564544505926568"
"35.98970842017726","0.8554207139903133"
"36.02461977002646","0.8543836620271525"
"36.05950489343489","0.8533432923373111"
"36.094363830495595","0.8522996025604342"
"36.12919662121143","0.8512525903416595"
"36.16400330549532","0.8502022533316006"
"36.19878392317055","0.8491485891863318"
"36.23353851397102","0.8480915955673717"
"36.2682671175415","0.8470312701416667"
"36.30296977343792","0.8459676105815761"
"36.33764652112763","0.8449006145648559"
"36.372297399989655","0.8438302797746426"
"36.40692244931496","0.8427566038994383"
"36.44152170830674","0.8416795846330944"
"36.47609521608064","0.8405992196747967"
"36.510643011665046","0.839515506729049"
"36.54516513400134","0.8384284435056584"
"36.57966162194414","0.8373380277197197"
"36.6141325142616","0.8362442570916"
"36.648577849635615","0.8351471293469235"
"36.68299766666212","0.8340466422165561"
"36.717392003851316","0.8329427934365905"
"36.75176089962795","0.8318355807483309"
"36.78610439233155","0.830725001898278"
"36.820422520216674","0.8296110546381144"
"36.85471532145318","0.8284937367246886"
"36.88898283412646","0.8273730459200016"
"36.9232250962377","0.826248979991191"
"36.95744214570413","0.8251215367105164"
"36.99163402035926","0.823990713855345"
"37.025800757953135","0.8228565092081368"
"37.059942396152586","0.8217189205564301"
"37.094058972541454","0.8205779456928269"
"37.12815052462087","0.8194335824149782"
"37.16221708980946","0.8182858285255699"
"37.19625870544361","0.8171346818323081"
"37.230275408777715","0.8159801401479052"
"37.26426723698438","0.8148222012900653"
"37.298234227154715","0.81366086308147"
"37.33217641629852","0.8124961233497644"
"37.36609384134457","0.8113279799275429"
"37.39998653914082","0.8101564306523351"
"37.43385454645465","0.8089814733665919"
"37.4676978999731","0.8078031059176715"
"37.50151663630312","0.8066213261578253"
"37.53531079197178","0.8054361319441847"
"37.56908040342651","0.8042475211387465"
"37.60282550703534","0.8030554916083597"
"37.63654613908713","0.8018600412247112"
"37.670242335791784","0.8006611678643133"
"37.7039141332805","0.799458869408489"
"37.73756156760599","0.7982531437433588"
"37.7711846747427","0.7970439887598274"
"37.804783490587056","0.7958314023535702"
"37.838358050957666","0.7946153824250196"
"37.87190839159557","0.7933959268793521"
"37.90543454816444","0.792173033626475"
"37.93893655625084","0.7909467005810125"
"37.972414451364386","0.7897169256622933"
"38.005868268938045","0.7884837067943373"
"38.03929804432829","0.787247041905842"
"38.07270381281537","0.7860069289301701"
"38.10608560960349","0.7847633658053359"
"38.13944346982105","0.783516350473993"
"38.17277742852088","0.782265880883421"
"38.20608752068041","0.7810119549855126"
"38.23937378120194","0.779754570736761"
"38.2726362449128","0.7784937260982471"
"38.30587494656563","0.7772294190356266"
"38.33908992083853","0.7759616475191176"
"38.37228120233532","0.7746904095234878"
"38.40544882558573","0.7734157030280421"
"38.43859282504561","0.7721375260166099"
"38.471713235097155","0.7708558764775327"
"38.504810090049105","0.7695707524036517"
"38.537883424136965","0.7682821517922953"
"38.57093327152319","0.766990072645267"
"38.60395966629743","0.7656945129688326"
"38.636962642476696","0.7643954707737087"
"38.6699422340056","0.76309294407505"
"38.70289847475655","0.761786930892437"
"38.735831398529946","0.7604774292498643"
"38.76874103905439","0.7591644371757281"
"38.8016274299869","0.7578479527028149"
"38.8344906049131","0.7565279738682885"
"38.867330597347426","0.7552044987136789"
"38.90014744073332","0.7538775252848698"
"38.932941168443456","0.7525470516320876"
"38.965711813779905","0.7512130758098883"
"38.99845940997436","0.7498755958771469"
"39.031183990188325","0.7485346098970452"
"39.06388558751332","0.7471901159370602"
"39.096564234971055","0.7458421120689521"
"39.12921996551367","0.7444905963687534"
"39.16185281202388","0.7431355669167566"
"39.19446280731522","0.7417770217975035"
"39.22704998413219","0.7404149590997728"
"39.259614375150484","0.7390493769165696"
"39.29215601297718","0.7376802733451132"
"39.32467493015091","0.7363076464868263"
"39.35717115914208","0.7349314944473235"
"39.389644732353034","0.7335518153364001"
"39.42209568211827","0.7321686072680207"
"39.454524040704605","0.7307818683603081"
"39.4869298403114","0.7293915967355323"
"39.519313113070694","0.7279977905200995"
"39.55167389104744","0.7266004478445404"
"39.584012206239684","0.7251995668435"
"39.61632809057872","0.7237951456557259"
"39.64862157592931","0.722387182424058"
"39.68089269408986","0.7209756752954171"
"39.71314147679259","0.7195606224207942"
"39.74536795570375","0.7181420219552399"
"39.77757216242375","0.7167198720578531"
"39.80975412848741","0.7152941708917709"
"39.84191388536409","0.7138649166241573"
"39.874051464457885","0.7124321074261928"
"39.90616689710781","0.7109957414730638"
"39.938260214587984","0.7095558169439519"
"39.97033144810781","0.7081123320220235"
"40.002380628812126","0.7066652848944192"
"40.03440778778143","0.7052146737522431"
"40.066412956032025","0.7037604967905529"
"40.098396164516195","0.7023027522083487"
"40.130357444122396","0.7008414382085634"
"40.162296825675426","0.6993765529980519"
"40.1942143399366","0.6979080947875811"
"40.22611001760392","0.6964360617918194"
"40.25798388931226","0.6949604522293266"
"40.289835985633516","0.6934812643225435"
"40.32166633707682","0.6919984962977823"
"40.35347497408867","0.6905121463852159"
"40.38526192705312","0.6890222128188679"
"40.417027226291964","0.6875286938366031"
"40.44877090206487","0.6860315876801168"
"40.48049298456959","0.6845308925949254"
"40.512193503942086","0.6830266068303558"
"40.54387249025675","0.6815187286395361"
"40.575529973526535","0.6800072562793857"
"40.607165983703126","0.6784921880106053"
"40.638780550677126","0.6769735220976668"
"40.6703737042782","0.6754512568088041"
"40.701945474275256","0.6739253904160031"
"40.7334958903766","0.6723959211949919"
"40.76502498223011","0.6708628474252316"
"40.79653277942339","0.669326167389906"
"40.82801931148394","0.6677858793759126"
"40.859484607879324","0.6662419816738527"
"40.89092869801732","0.6646944725780222"
"40.922351611246086","0.6631433503864015"
"40.95375337685432","0.6615886134006469"
"40.98513402407144","0.6600302599260804"
"41.01649358206771","0.658468288271681"
"41.047832079954425","0.6569026967500747"
"41.07914954678406","0.6553334836775256"
"41.11044601155043","0.6537606473739265"
"41.141721503188855","0.6521841861627895"
"41.17297605057631","0.6506040983712371"
"41.20420968253158","0.6490203823299927"
"41.23542242781541","0.6474330363733715"
"41.26661431513069","0.6458420588392715"
"41.29778537312258","0.6442474480691645"
"41.32893563037868","0.6426492024080865"
"41.36006511542918","0.6410473202046295"
"41.391173856747","0.6394417998109317"
"41.42226188274798","0.6378326395826691"
"41.453329221790995","0.6362198378790461"
"41.48437590217812","0.634603393062787"
"41.5154019521548","0.632983303500127"
"41.54640739990996","0.6313595675608031"
"41.5773922735762","0.629732183618046"
"41.60835660122993","0.62810115004857"
"41.63930041089149","0.626466465232566"
"41.67022373052534","0.6248281275536911"
"41.70112658804021","0.6231861353990611"
"41.73200901128921","0.6215404871592413"
"41.762871028069995","0.6198911812282379"
"41.79371266612493","0.6182382160034896"
"41.82453395314123","0.6165815898858588"
"41.855334916751076","0.6149213012796232"
"41.8861155845318","0.6132573485924673"
"41.91687598400602","0.6115897302354737"
"41.947616142641756","0.6099184446231151"
"41.978336087852625","0.6082434901732454"
"42.00903584699794","0.6065648653070916"
"42.039715447382875","0.6048825684492453"
"42.0703749162586","0.6031965980276544"
"42.10101428082244","0.6015069524736147"
"42.131633568217985","0.5998136302217622"
"42.16223280553527","0.5981166297100636"
"42.19281201981087","0.5964159493798096"
"42.2233712380281","0.5947115876756055"
"42.253910487117096","0.5930035430453637"
"42.28442979395499","0.5912918139402954"
"42.31492918536604","0.5895763988149022"
"42.345408688121765","0.5878572961269687"
"42.37586832894109","0.5861345043375537"
"42.40630813449047","0.5844080219109825"
"42.43672813138406","0.5826778473148392"
"42.4671283461838","0.5809439790199581"
"42.497508805399605","0.5792064155004163"
"42.527869535489465","0.5774651552335256"
"42.55821056285959","0.5757201966998245"
"42.588531913864564","0.5739715383830706"
"42.618833614807436","0.5722191787702323"
"42.6491156919399","0.5704631163514817"
"42.6793781714624","0.5687033496201862"
"42.7096210795243","0.5669398770729009"
"42.73984444222394","0.5651726972093613"
"42.770048285608866","0.5634018085324746"
"42.80023263567588","0.5616272095483134"
"42.830397518371235","0.5598488987661068"
"42.86054295959071","0.5580668746982336"
"42.890668985179786","0.5562811358602143"
"42.920775620933746","0.5544916807707038"
"42.95086289259783","0.5526985079514835"
"42.98093082586735","0.5509016159274539"
"43.01097944638779","0.5491010032266276"
"43.04100877975502","0.547296668380121"
"43.07101885151532","0.5454886099221478"
"43.10100968716558","0.5436768263900104"
"43.1309813121534","0.5418613163240936"
"43.160933751877224","0.540042078267857"
"43.19086703168646","0.538219110767827"
"43.2207811768816","0.5363924123735905"
"43.25067621271438","0.5345619816377866"
"43.28055216438786","0.5327278171161"
"43.31040905705658","0.5308899173672537"
"43.34024691582667","0.5290482809530015"
"43.37006576575597","0.5272029064381211"
"43.399865631854176","0.5253537923904067"
"43.42964653908295","0.523500937380662"
"43.459408512356035","0.521644339982693"
"43.48915157653938","0.5197839987733011"
"43.51887575645127","0.5179199123322756"
"43.54858107686246","0.5160520792423873"
"43.578267562496265","0.5141804980893808"
"43.607935238028695","0.5123051674619681"
"43.637584128088584","0.510426085951821"
"43.6672142572577","0.5085432521535649"
"43.69682565007087","0.506656664664771"
"43.7264183310161","0.5047663220859503"
"43.75599232453469","0.502872223020546"
"43.78554765502135","0.5009743660749271"
"43.81508434682433","0.4990727498583811"
"43.84460242424553","0.49716737298310787"
"43.874101911540606","0.4952582340642122"
"43.90358283291911","0.4933453317196974"
"43.933045212544606","0.4914286645704585"
"43.96248907453475","0.48950823124027537"
"43.99191444296145","0.4875840303558063"
"44.021321341850964","0.485656060546581"
"44.050709795184005","0.48372432044499425"
"44.080079826895876","0.4817888086862991"
"44.10943146087657","0.4798495239086003"
"44.13876472097089","0.4779064647528477"
"44.16807963097856","0.4759596298628298"
"44.19737621465435","0.47400901788516697"
"44.22665449570815","0.47205462746930515"
"44.25591449780516","0.47009645726750926"
"44.285156244565904","0.4681345059348568"
"44.31437975956642","0.4661687721292312"
"44.34358506633835","0.46419925451131566"
"44.37277218836902","0.4622259517445866"
"44.401941149101596","0.46024886249530716"
"44.431091971935174","0.4582679854325211"
"44.46022468022488","0.4562833192280462"
"44.48933929728201","0.45429486255646806"
"44.51843584637409","0.4523026140951338"
"44.547514350725045","0.45030657252414563"
"44.57657483351527","0.4483067365263549"
"44.60561731788174","0.4463031047873555"
"44.634641826918134","0.4442956759954779"
"44.66364838367494","0.44228444884178286"
"44.69263701115953","0.4402694220200552"
"44.72160773233633","0.4382505942267977"
"44.75056057012687","0.43622796416122495"
"44.779495547409915","0.43420153052525723"
"44.808412687021566","0.43217129202351445"
"44.83731201175537","0.43013724736331005"
"44.86619354436243","0.4280993952546449"
"44.89505730755149","0.4260577344102013"
"44.92390332398906","0.42401226354533694"
"44.952731616299516","0.421962981378079"
"44.981542207065196","0.41990988662911805"
"45.01033511882652","0.4178529780218021"
"45.03911037408207","0.41579225428213085"
"45.06786799528872","0.4137277141387494"
"45.09660800486172","0.41165935632294287"
"45.12533042517481","0.40958717956863"
"45.1540352785603","0.4075111826123576"
"45.1827225873092","0.4054313641932946"
"45.211392373671316","0.40334772305322647"
"45.240044659855336","0.40126025793654896"
"45.26867946802894","0.39916896759026266"
"45.29729682031891","0.39707385076396723"
"45.325896738811224","0.3949749062098555"
"45.35447924555113","0.3928721326827078"
"45.3830443625433","0.3907655289398865"
"45.41159211175189","0.3886550937413298"
"45.440122515100626","0.3865408258495466"
"45.46863559447296","0.3844227240296105"
"45.49713137171211","0.3823007870491543"
"45.52560986862119","0.38017501367836454"
"45.5540711069633","0.37804540268997555"
"45.58251510846162","0.37591195285926415"
"45.61094189479952","0.373774662964044"
"45.63935148762063","0.3716335317846601"
"45.66774390852898","0.36948855810398323"
"45.69611917908906","0.3673397407074045"
"45.72447732082591","0.3651870783828298"
"45.752818355225266","0.36303056992067445"
"45.781142303733596","0.36087021411385756"
"45.80944918775823","0.35870600975779676"
"45.83773902866746","0.3565379556504028"
"45.866011847790595","0.35436605059207404"
"45.89426766641811","0.35219029338569113"
"45.9225065058017","0.3500106828366117"
"45.95072838715439","0.3478272177526649"
"45.97893333165062","0.3456398969441462"
"46.007121360426346","0.3434487192238121"
"46.035292494579124","0.3412536834068747"
"46.06344675516822","0.33905478831099645"
"46.09158416321469","0.33685203275628506"
"46.11970473970147","0.33464541556528815"
"46.14780850557346","0.33243493556298803"
"46.17589548173765","0.33022059157679645"
"46.20396568906317","0.32800238243654956"
"46.2320191483814","0.32578030697450255"
"46.26005588048607","0.32355436402532467"
"46.28807590613334","0.32132455242609403"
"46.31607924604189","0.31909087101629247"
"46.34406592089299","0.3168533186378005"
"46.37203595133064","0.31461189413489205"
"46.399989357961616","0.3123665963542297"
"46.42792616135557","0.31011742414485943"
"46.45584638204513","0.30786437635820557"
"46.483750040525976","0.30560745184806587"
"46.51163715725693","0.30334664947060647"
"46.53950775266004","0.30108196808435683"
"46.56736184712071","0.298813406550205"
"46.5951994609877","0.2965409637313923"
"46.6230206145733","0.2942646384935088"
"46.650825328153374","0.291984429704488"
"46.67861362196745","0.28970033623460223"
"46.706385516218816","0.2874123569564576"
"46.73414103107461","0.28512049074498924"
"46.76188018666588","0.2828247364774562"
"46.78960300308769","0.28052509303343703"
"46.817309500399226","0.2782215592948245"
"46.84499969862383","0.2759141341458211"
"46.87267361774912","0.2736028164729341"
"46.90033127772708","0.27128760516497086"
"46.92797269847412","0.268968499113034"
"46.95559789987117","0.26664549721051667"
"46.983206901763786","0.26431859835309784"
"47.01079972396219","0.26198780143873757"
"47.03837638624138","0.2596531053676723"
"47.06593690834123","0.25731450904241016"
"47.093481309966535","0.2549720113677263"
"47.12100961078712","0.25262561125065824"
"47.14852183043791","0.25027530760050126"
"47.176017988519014","0.24792109932880374"
"47.20349810459582","0.24556298534936255"
"47.230962198199066","0.24320096457821844"
"47.258410288824905","0.24083503593365152"
"47.28584239593502","0.2384651983361766"
"47.31325853895669","0.23609145070853874"
"47.34065873728285","0.23371379197570863"
"47.36804301027221","0.23133222106487814"
"47.3954113772493","0.22894673690545575"
"47.42276385750459","0.2265573384290621"
"47.450100470294515","0.22416402456952542"
"47.4774212348416","0.22176679426287726"
"47.50472617033452","0.21936564644734785"
"47.5320152959282","0.21696058006336175"
"47.55928863074384","0.2145515940535334"
"47.586546193869076","0.21213868736266278"
"47.61378800435798","0.2097218589377309"
"47.64101408123119","0.20730110772789553"
"47.66822444347596","0.2048764326844868"
"47.695419110046245","0.20244783276100284"
"47.72259809986279","0.20001530691310543"
"47.7497614318132","0.1975788540986157"
"47.776909124751995","0.19513847327750986"
"47.80404119750073","0.19269416341191484"
"47.831157668848036","0.19024592346610403"
"47.8582585575497","0.18779375240649301"
"47.885343882328776","0.18533764920163534"
"47.91241366187561","0.18287761282221826"
"47.93946791484795","0.18041364224105852"
"47.966506659871015","0.1779457364330981"
"47.99352991553756","0.1754738943754001"
"48.02053770040796","0.17299811504714444"
"48.04753003301028","0.17051839742962385"
"48.074506931840375","0.16803474050623957"
"48.10146841536191","0.16554714326249723"
"48.12841450200647","0.16305560468600278"
"48.15534521017366","0.16056012376645828"
"48.182260558231114","0.15806069949565796"
"48.209160564514626","0.1555573308674839"
"48.236045247328185","0.15305001687790215"
"48.262914624944074","0.15053875652495854"
"48.289768715602925","0.1480235488087747"
"48.31660753751381","0.14550439273154395"
"48.34343110885429","0.14298128729752738"
"48.37023944777051","0.14045423151304973"
"48.39703257237725","0.13792322438649543"
"48.423810500758016","0.13538826492830466"
"48.45057325096511","0.13284935215096927"
"48.47732084101967","0.13030648506902892"
"48.50405328891179","0.12775966269906705"
"48.53077061260056","0.125208884059707"
"48.55747283001415","0.12265414817160811"
"48.584159959049856","0.12009545405746169"
"48.610832017574204","0.11753280074198724"
"48.637489023423","0.1149661872519285"
"48.664130994401404","0.11239561261604959"
"48.690757948284","0.10982107586513118"
"48.71736990281487","0.10724257603196657"
"48.74396687570767","0.10466011215135794"
"48.77054888464566","0.10207368326011244"
"48.79711594728183","0.09948328839703845"
"48.82366808123892","0.09688892660294171"
"48.85020530410953","0.09429059692062158"
"48.87672763345614","0.09168829839486728"
"48.903235086811236","0.08908203007245405"
"48.929727681677335","0.08647179100213946"
"48.95620543552705","0.08385758023465967"
"48.98266836580321","0.08123939682272564"
"49.009116489918846","0.07861723982101952"
"49.03554982525734","0.07599110828619084"
"49.061968389172435","0.07336100127685286"
"49.08837219898833","0.07072691785357889"
"49.11476127199973","0.06808885707889864"
"49.14113562547194","0.06544681801729452"
"49.167495276640885","0.062800799735198"
"49.19384024271322","0.06015080130098604"
"49.220170540866384","0.05749682178497736"
"49.246486188248646","0.05483886025942891"
"49.27278720197919","0.05217691579853226"
"49.299073599148194","0.049510987478409964"
"49.32534539681685","0.04684107437711203"
"49.35160261201747","0.044167175574612354"
"49.37784526175354","0.04148929015280512"
"49.40407336299977","0.03880741719550132"
"49.430286932702174","0.036121555788425165"
"49.45648598777814","0.0334317050192106"
"49.48267054511647","0.03073786397739777"
"49.50884062157747","0.02804003175442956"
"49.534996233993","0.025338207443648068"
"49.561137399166526","0.02263239014029114"
"49.58726413387321","0.01992257894148891"
"49.61337645485996","0.017208772946260355"
"49.639474378845485","0.01449097125550983"
"49.665557922520364","0.01176917297202365"
"49.69162710254712","0.009043377200466668"
"49.71768193556028","0.006313583047378857"
"49.7437224381664","0.00357978962117192"
"49.769748626944185","0.0008419960321258955"
"49.79576051844451","-0.001899798607614221"