"0","0.5935110241236963","1.0007499804806452","0.00002705942109830271","118.70220482473925","0.14999609612905218","0.005411884219660542"
"0.005","1.171769891204961","1.0022044096520175","0.00008048294105209506","115.65177341625294","0.29088583427444425","0.01068470399075847"
"0.01","1.735549188145184","1.0043212518956157","0.0001596283794278671","112.7558593880446","0.4233684487196545","0.015829087675154407"
"0.015","2.2855637194171012","1.0070616166337918","0.000263901374846176","110.00290625438343","0.548072947635215","0.02085459908366178"
"0.02","2.8224761632393927","1.0103894503984345","0.00039275071603237714","107.3824887644583","0.6655667529285301","0.025769868237240222"
"0.025","3.346902049136869","1.014271265851492","0.00054566423222571","104.88517717949522","0.776363090611516","0.03058270323866657"
"0.030000000000000002","3.859414152646088","1.0186759025423178","0.0007221651640940727","102.50242070184382","0.8809273381651554","0.03530018637367255"
"0.035","4.360546387477279","1.0235743150282473","0.0009218089490138322","100.22644696623814","0.9796824971859042","0.03992875698395191"
"0.04","4.850797262785814","1.0289393846741999","0.0011441803649904867","98.0501750617069","1.073013929190505","0.044474283195330894"
"0.045","5.330632962784138","1.0347457520147272","0.0013888909860740178","95.96713999966502","1.1612734681054486","0.04894212421670621"
"0.049999999999999996","5.800490097302589","1.0409696670315303","0.0016555769092203006","93.97142690369017","1.2447830033606269","0.05333718462925656"
"0.05499999999999999","6.260778164741884","1.047588855089714","0.0019438967184489887","92.05761348785897","1.323837611636766","0.05766396184573762"
"0.05999999999999999","6.711881762879577","1.0545823966017478","0.00225352965707231","90.22071962753857","1.3987083024067317","0.06192658772466426"
"0.06499999999999999","7.154162577980856","1.0619306187610453","0.00258417398289621","88.45616302025584","1.4696444318595019","0.06612886516478005"
"0.06999999999999999","7.587961178447484","1.0696149979167082","0.0029355454847678187","86.75972009332561","1.536875831132599","0.07027430037432174"
"0.075","8.013598635677894","1.0776180713548844","0.0033073761417760136","85.1274914460819","1.600614687635232","0.074366131401639"
"0.08","8.43137799179371","1.0859233574165315","0.0036994129088976937","83.55587122316307","1.6610572123293992","0.078407353424336"
"0.085","8.841585591321659","1.0945152830211262","0.0041114166149965855","82.0415199055896","1.7183851209189736","0.08240074121977828"
"0.09000000000000001","9.244492291730246","1.1033791177850938","0.004543160960885486","80.58134008171737","1.772766952793498","0.08634886917778002"
"0.09500000000000001","9.64035456584651","1.1125009140257778","0.0049944316067071365","79.17245482325254","1.8243592481367907","0.09025412916433015"
"0.10000000000000002","10.029415507569263","1.1218674520293885","0.005465025339214853","77.81218834455073","1.8733076007221312","0.09411874650154335"
"0.10500000000000002","10.41190575091001","1.131466190036789","0.005954749310675798","76.49804866814952","1.9197476014800892","0.09794479429218886"
"0.11000000000000003","10.78804431119662","1.141285218466111","0.006463420342105722","75.22771205732194","1.9638056858644066","0.10173420628598477"
"0.11500000000000003","11.158039356239383","1.1513132179475738","0.0069908642843976914","73.99900900855286","2.005599896292548","0.10548878845839385"
"0.12000000000000004","11.522088914360257","1.1615394207948186","0.007536915431648384","72.80991162417479","2.0452405694489624","0.10921022945013843"
"0.12500000000000003","11.880381525403934","1.1719535755796604","0.008101415981630515","71.65852220873522","2.0828309569683556","0.11290010999642645"
"0.13000000000000003","12.233096840167157","1.1825459145143027","0.00868421553892262","70.54306295264465","2.1184677869284516","0.11655991145842093"
"0.13500000000000004","12.58040617308616","1.1933071233775427","0.009285170656699395","69.46186658380073","2.1522417726479968","0.1201910235553551"
"0.14000000000000004","12.922473012499369","1.2042283137499539","0.009904144413617066","68.41336788264157","2.184238074482218","0.12379475138353421"
"0.14500000000000005","13.259453492343427","1.2153009973480273","0.010541006022606924","67.3960959688118","2.2145367196146837","0.12737232179797142"
"0.15000000000000005","13.591496828736608","1.2265170622692523","0.011195630468723572","66.40866727863626","2.2432129842449746","0.13092488922332948"
"0.15500000000000005","13.91874572454731","1.2378687509795114","0.011867898173488425","65.44977916214073","2.2703377420518365","0.13445354095297074"
"0.16000000000000006","14.241336744730575","1.2493486398913112","0.01255769468342883","64.51820403665263","2.295977782359929","0.1379593019880812"
"0.16500000000000006","14.559400664936753","1.2609496203965367","0.013264910380743228","63.61278404123552","2.3201961010450876","0.14144313946287948"
"0.17000000000000007","14.873062795649318","1.2726648812308863","0.013989440214226856","62.732426142512956","2.3430521668699087","0.14490596669672554"
"0.17500000000000007","15.182443283889056","1.2844878920590936","0.014731183448773853","61.87609764794737","2.364602165641457","0.14834864690939956"
"0.18000000000000008","15.487657394326392","1.2964123881806937","0.01549004343193305","61.04282208746737","2.3848992243200278","0.15177199663183932"
"0.18500000000000008","15.788815771469269","1.3084323562655795","0.016265927376138693","60.23167542857529","2.4039936169771416","0.15517678884112854"
"0.19000000000000009","16.08602468443824","1.3205420210370695","0.01705874615536596","59.441782593794336","2.421932954297993","0.15856375584545318"
"0.1950000000000001","16.379386255701238","1.3327358328277932","0.01786841411507612","58.67231425259955","2.4387623581447313","0.16193359194203275"
"0.2000000000000001","16.66899867501562","1.3450084559404887","0.018694848894419327","57.922483862876184","2.4545246225391075","0.16528695586864134"
"0.2050000000000001","16.954956399713183","1.3573547577519058","0.019537971259755413","57.19154493951296","2.469260362283424","0.1686244730672173"
"0.2100000000000001","17.237350342363225","1.3697697985034814","0.020397704948636346","56.47878853000847","2.4830081503150994","0.1719467377761863"
"0.2150000000000001","17.516268046758146","1.3822488217273836","0.021273976523468643","55.783540878983935","2.4958046447804665","0.1752543149664594"
"0.2200000000000001","17.791793853084574","1.3947872452609635","0.022166715234141595","55.10516126528558","2.507684706715966","0.17854774213459057"
"0.22500000000000012","18.06400905306934","1.4073806528066544","0.023075852888967904","54.44303999695345","2.5186815091381476","0.18182753096526186"
"0.23000000000000012","18.332992035823107","1.4200247859979873","0.024001323733338367","53.79659655075346","2.5288266382665796","0.18509416887409258"
"0.23500000000000013","18.598818425044293","1.432715536935661","0.024943064335541977","53.16527784423738","2.5381501875347574","0.18834812044072188"
"0.24000000000000013","18.861561208191436","1.445448941160573","0.025901013479247868","52.548556629428596","2.5466808449824017","0.19158982874117797"
"0.24500000000000013","19.121290858182665","1.4582211710334096","0.026875112062186415","51.94592999824599","2.5544459745673245","0.19481971658770988"
"0.2500000000000001","19.3780754481361","1.4710285294928374","0.02786530300060395","51.3569179906876","2.5614716918855236","0.1980381876835064"
"0.2550000000000001","19.631980759624163","1.483867444166556","0.02887153113909921","50.78106229761199","2.5677829347437497","0.2012456276990525"
"0.2600000000000001","19.883070384877605","1.4967344618115002","0.02989374316548055","50.217925050688784","2.573403528988848","0.20444240527626767"
"0.2650000000000001","20.131405823341357","1.5096262430613114","0.030931887530310676","49.667087692750066","2.578356249962242","0.207628872966025"
"0.27000000000000013","20.3770465729532","1.522539557460889","0.03198591437083147","49.12814992236905","2.5826628799155515","0.21080536810415867"
"0.27500000000000013","20.620050216488348","1.5354712787693598","0.03305577543898459","48.60072870702905","2.586344261694134","0.21397221363062383"
"0.28000000000000014","20.860472503287","1.5484183805142047","0.03414142403326495","48.08445735973037","2.5894203489689476","0.2171297188560723"
"0.28500000000000014","21.098367426658605","1.5613779317805712","0.03524281493416368","47.57898467432096","2.591910253273301","0.22027818017974593"
"0.29000000000000015","21.33378729723477","1.5743470932209684","0.03635990434297499","47.08397411523322","2.593832288079444","0.22341788176226066"
"0.29500000000000015","21.566782812523115","1.5873231132716206","0.03749264982375777","46.59910305766901","2.5952040101304097","0.2265490961565579"
"0.30000000000000016","21.79740312289612","1.6003033245627443","0.038641010248257925","46.1240620746008","2.5960422582247453","0.2296720849000301"
"0.30500000000000016","22.02569589423239","1.6132851405109228","0.039804945743610834","45.65855426725315","2.5963631896356754","0.23278709907058215"
"0.31000000000000016","22.25170736741238","1.6262660520825807","0.04098441764265667","45.202294635998","2.5961823143315637","0.23589437980916808"
"0.31500000000000017","22.47548241485659","1.6392436247183368","0.04217938843671237","44.75500948884214","2.5955145271512228","0.23899415881113953"
"0.3200000000000002","22.69706459428113","1.652215495408714","0.04338982173065516","44.316435884908465","2.5943741380754615","0.24208665878855828"
"0.3250000000000002","22.91649619983371","1.66517936991234","0.044615682200182444","43.88632111051611","2.592774900725194","0.2451720939054563"
"0.3300000000000002","23.13381831076196","1.6781330201083717","0.04585693555112181","43.46442218565027","2.590730039206321","0.24825067018787364"
"0.3350000000000002","23.34907083775587","1.6910742814754336","0.04711354848067363","43.050505398782235","2.5882522734123614","0.2513225859103637"
"0.3400000000000002","23.562292567096648","1.7040010506898704","0.04838548864047627","42.644345868155064","2.5853538428873715","0.2543880319605276"
"0.3450000000000002","23.773521202735612","1.7169112833365903","0.04967272460139137","42.24572712779266","2.5820465293439625","0.25744719218302103"
"0.3500000000000002","23.98279340641871","1.729802991726211","0.05097522581991322","41.85444073661971","2.5783416779241506","0.2605002437043706"
"0.3550000000000002","24.190144835964706","1.7426742428126325","0.0522929626061124","41.47028590919923","2.5742502172842823","0.26354735723983647"
"0.3600000000000002","24.395610181798226","1.7555231562055291","0.05362590609302975","41.093069166704055","2.569782678579334","0.26658869738346946"
"0.3650000000000002","24.59922320183242","1.7683479022726112","0.05497402820744188","40.72260400683868","2.5649492134164142","0.26962442288242544"
"0.3700000000000002","24.801016754790023","1.7811467003268224","0.056337301641924506","40.35871059152043","2.55975961084227","0.2726546868965254"
"0.3750000000000002","25.001022832046093","1.7939178168939474","0.057715699828144396","40.00121545121374","2.5542233134249916","0.2756796372439784"
"0.3800000000000002","25.199272588070542","1.8066595640563765","0.05910919691131499","39.64995120488948","2.5483494324858387","0.2786994166341196"
"0.38500000000000023","25.39579636954381","1.8193702978690427","0.060517767725754776","39.30475629465316","2.542146762533221","0.28171416288795664"
"0.39000000000000024","25.59062374321457","1.8320484168437787","0.06194138777149109","38.96547473415228","2.535623794947223","0.28472400914726226"
"0.39500000000000024","25.783783522564242","1.8446923604985777","0.06338003319185559","38.631955869934394","2.5287887309597643","0.2877290840729007"
"0.40000000000000024","25.97530379333916","1.8573006079684395","0.06483368075202073","38.304054154983675","2.5216494939723852","0.29072951203302816"
"0.40500000000000025","26.165211938007744","1.8698716766746937","0.06630230781842955","37.981628933716294","2.514213741250824","0.2937254132817647"
"0.41000000000000025","26.35353465919656","1.8824041210498583","0.06778589233907402","37.664544237763025","2.506488875032918","0.29671690412889484"
"0.41500000000000026","26.54029800215612","1.894896531315278","0.0692844128245796","37.352668591912135","2.4984820530839342","0.2997040971011171"
"0.42000000000000026","26.725527376304257","1.9073475323089337","0.07079784833005624","37.04587482962702","2.4902001987311793","0.30268710109532854"
"0.42500000000000027","26.909247575892213","1.919755782360972","0.07232617843767823","36.74403991759131","2.4816500104076704","0.3056660215243986"
"0.43000000000000027","27.09148279983606","1.9321199722146356","0.07386938323995752","36.44704478876965","2.472837970732696","0.3086409604558572"
"0.4350000000000003","27.27225667075359","1.9444388239904122","0.075427443323677","36.154774183505296","2.463770355155325","0.3116120167438945"
"0.4400000000000003","27.45159225324462","1.9567110901913385","0.07700033975445222","35.867116498206215","2.4544532401852437","0.31457928615504455"
"0.4450000000000003","27.62951207145062","1.9689355527475074","0.07858805406189173","35.58396364119982","2.444892511233767","0.31754286148790195"
"0.4500000000000003","27.806038125927433","1.9811110220979395","0.08019056822532772","35.305210895362734","2.4350938700864284","0.3205028326871978"
"0.4550000000000003","27.981191909863217","1.9932363363080756","0.08180786466009043","35.03075678715656","2.4250628420272236","0.32345928695254184"
"0.4600000000000003","28.154994424671834","2.0053103602212423","0.08343992620430103","34.76050296172355","2.4148047826333374","0.3264123088421183"
"0.4650000000000003","28.327466194990418","2.0173319846425324","0.08508673610615906","34.49435406371702","2.4043248842580334","0.32936198037160547"
"0.4700000000000003","28.498627283108224","2.029300125553624","0.08674827801170193","34.23221762356149","2.393628182218301","0.3323083811085723"
"0.4750000000000003","28.668497302852504","2.0412137233571386","0.08842453595301489","33.97400394885575","2.3827195607028626","0.3352515882625909"
"0.4800000000000003","28.83709543295575","2.0530717421492146","0.09011549433687133","33.71962602064924","2.371603758415198","0.33819167677128814"
"0.4850000000000003","29.004440429927442","2.0648731690190414","0.09182113793378406","33.46899939433829","2.360285373965376","0.34112871938254796"
"0.4900000000000003","29.17055064045216","2.0766170133741597","0.09354145186744937","33.22204210494371","2.3487688710236685","0.34406278673306184"
"0.49500000000000033","29.335444013334886","2.0883023062904007","0.09527642160456645","32.97867457654505","2.3370585832481563","0.34699394742341466"
"0.5000000000000003","29.49913811101319","2.09992809988539","0.09702603294501586","32.7388195356602","2.325158718997835","0.3499222680898817"
"0.5050000000000003","29.661650120655043","2.1114934667146","0.09879027201238137","32.50240192837091","2.3130733658420546","0.352847813473102"
"0.5100000000000003","29.822996864860077","2.122997499188983","0.1005691252448003","32.26934884100656","2.300806494876507","0.35577064648378526"
"0.5150000000000003","29.98319481198112","2.13443930901326","0.10236257938612829","32.03958942420889","2.2883619648554006","0.35869082826559834"
"0.5200000000000004","30.142260086082175","2.1458180266440046","0.10417062147740515","31.81305482021063","2.2757435261489047","0.3616084182553716"
"0.5250000000000004","30.300208476548026","2.157132800766677","0.10599323884860892","31.589678093170303","2.2629548245344484","0.36452347424075543"
"0.5300000000000004","30.457055447360098","2.1683827977908265","0.10783041911068618","31.36939416241423","2.2499994048299703","0.3674360524154511"
"0.5350000000000004","30.612816146052324","2.1795672013627105","0.10968215014784685","31.152139738445054","2.2368807143767704","0.3703462074321334"
"0.5400000000000004","30.767505412360244","2.1906852118946065","0.11154842011011273","30.93785326158378","2.223602106379199","0.3732539924531753"
"0.5450000000000004","30.92113778657584","2.2017360461101467","0.11342921740610913","30.726474843119664","2.2101668431080137","0.37615945919927896"
"0.5500000000000004","31.073727517620085","2.212718936605016","0.1153245306960897","30.517946208849065","2.1965780989738755","0.37906265799611305"
"0.5550000000000004","31.22528857084454","2.2236331314224014","0.11723434888518494","30.312210644890722","2.1828389634770926","0.381963637819049"
"0.5600000000000004","31.375834635572897","2.2344778936425986","0.11915866111686536","30.109212945671043","2.1689524440394115","0.3848624463360853"
"0.5650000000000004","31.52537913239279","2.2452525009862154","0.12109745676661059","29.90889936397857","2.1549214687233307","0.38775912994904355"
"0.5700000000000004","31.67393522020775","2.2559562454304363","0.12305072543577616","29.711217562992136","2.1407488888441297","0.39065373383311625"
"0.5750000000000004","31.82151580305871","2.266588432837834","0.12501845694565036","29.51611657019223","2.1264374814795373","0.39354630197484103"
"0.5800000000000004","31.968133536724057","2.2771483825972427","0.12700064133169323","29.323546733069797","2.111989951881699","0.39643687720857324"
"0.5850000000000004","32.113800835106815","2.2876354272762223","0.12899726883795085","29.133459676551148","2.0974089357958694","0.3993255012515243"
"0.5900000000000004","32.25852987641712","2.2980489122846723","0.131008329911638","28.94580826206183","2.0826970016900184","0.40221221473743046"
"0.5950000000000004","32.4023326091579","2.308388195549169","0.13303381519788257","28.760546548156274","2.0678566528993407","0.4050970572489127"
"0.6000000000000004","32.54522075792112","2.3186526471976165","0.1350737155346255","28.577629752643656","2.05289032968944","0.40798006734858555"
"0.6050000000000004","32.68720582900184","2.3288416492538255","0.13712802194767035","28.397014216144104","2.0378004112417765","0.41086128260897026"
"0.6100000000000004","32.828299115836906","2.3389545953416495","0.13919672564587668","28.218657367012447","2.0225892175647897","0.4137407396412641"
"0.6150000000000004","32.96851170427475","2.348990890398319","0.14127981801649175","28.042517687570054","2.007259011333929","0.41661847412301584"
"0.6200000000000004","33.10785447768269","2.358949950396638","0.14337729062061552","27.868554681588076","1.9918119996636743","0.419494520824754"
"0.6250000000000004","33.24633812189754","2.36883120207571","0.14548913518879358","27.696728842968334","1.9762503358144718","0.42236891363561374"
"0.6300000000000004","33.38397313002539","2.378634082679897","0.1476153436167336","27.527001625570605","1.9605761208373662","0.42524168558800385"
"0.6350000000000005","33.52076980709608","2.388358039705692","0.14975590796114036","27.359335414137647","1.9447914051589794","0.4281128688813555"
"0.6400000000000005","33.656738274577435","2.3980025306562385","0.1519108204356653","27.19369349627157","1.928898190109356","0.4309824949049911"
"0.6450000000000005","33.79188847475452","2.4075670228032138","0.15408007340696606","27.030040035417464","1.912898429395073","0.4338505942601493"
"0.6500000000000005","33.926230174978585","2.4170509929558133","0.15626365939087208","26.868340044812225","1.8967940305198994","0.43671719678120297"
"0.6550000000000005","34.05977297179038","2.4264539272365893","0.15846157104865258","26.708559362358596","1.8805868561551806","0.43958233155610127"
"0.6600000000000005","34.19252629492231","2.4357753208638995","0.16067380118338292","26.550664626386233","1.8642787254620237","0.4424460269460698"
"0.6650000000000005","34.32449941118363","2.4450146779407356","0.1629003427364059","26.394623252263482","1.8478714153672562","0.4453083106045978"
"0.6700000000000005","34.45570142823276","2.4541715112497107","0.16514118878388462","26.24040340982517","1.8313666617950468","0.44816920949574157"
"0.6750000000000005","34.586141298240676","2.4632453420539906","0.1673963325334435","26.08797400158341","1.8147661608559802","0.45102874991177244"
"0.6800000000000005","34.715827821449125","2.472235699903967","0.16966576732089447","25.93730464168983","1.7980715699953043","0.4538869574901946"
"0.6850000000000005","34.84476964962722","2.481142122449477","0.17194948660704526","25.788365635619176","1.7812845091019827","0.4567438572301585"
"0.6900000000000005","34.97297528942995","2.4899641552573777","0.17424748397458673","25.641127960545557","1.764406561580115","0.45959947350829394"
"0.6950000000000005","35.10045310566186","2.4987013516342986","0.17655975312505665","25.49556324638393","1.7474392753842138","0.4624538300939852"
"0.7000000000000005","35.227211324449215","2.5073532724543974","0.1788862878758772","25.351643757470615","1.7303841640197637","0.4653069501641108"
"0.7050000000000005","35.3532580363235","2.5159194859919496","0.18122708215746355","25.20934237485785","1.71324270751042","0.4681588563172678"
"0.7100000000000005","35.4786011992195","2.5243995677586155","0.18358213001040105","25.068632579198493","1.696016353333147","0.47100957058750204"
"0.7150000000000005","35.603248641390486","2.5327931003452284","0.18595142558268887","24.929488434198","1.678706517322537","0.47385911445756207"
"0.7200000000000005","35.72720806424355","2.541099673267956","0.18833496312704734","24.791884570611888","1.6613145845454975","0.4767075088716957"
"0.7250000000000005","35.85048704509739","2.5493188828186932","0.19073273699828738","24.65579617076776","1.6438419101474402","0.4795547742480066"
"0.7300000000000005","35.97309303986535","2.5574503319195485","0.19314474165073933","24.52119895359197","1.6262898201710585","0.48240093049038735"
"0.7350000000000005","36.09503338566596","2.565493629981292","0.19557097163573955","24.388069160121756","1.6086596123487316","0.48524599700004567"
"0.7400000000000005","36.21631530336338","2.57344839276564","0.19801142159917273","24.256383539484645","1.5909525568695473","0.48808999268663805"
"0.7450000000000006","36.33694590004002","2.5813142422512496","0.20046608627906787","24.12611933532755","1.5731698971218977","0.4909329359790264"
"0.7500000000000006","36.456932171403416","2.5890908065033122","0.20293496050324622","23.99725427267887","1.555312850412555","0.493774844835671"
"0.7550000000000006","36.576281004129555","2.596777719546628","0.2054180391870196","23.86976654522748","1.5373826086631022","0.4966157367546742"
"0.7600000000000006","36.69499917814457","2.6043746212420507","0.20791531733093702","23.74363480300334","1.5193803390845506","0.49945562878348626"
"0.7650000000000006","36.81309336884679","2.6118811571662053","0.21042679001857845","23.618838140444876","1.5013071848309485","0.5022945375282873"
"0.7700000000000006","36.93057014927099","2.619296978494369","0.21295245241439373","23.49535608483916","1.483164265632744","0.505132479163056"
"0.7750000000000006","37.0474359921966","2.626621741886422","0.2154922997615854","23.373168585121242","1.4649526784106381","0.5079694694383368"
"0.7800000000000006","37.163697272201695","2.633855109375775","0.218046327380034","23.25225600101977","1.4466734978706344","0.5108055236897165"
"0.7850000000000006","37.27936026766438","2.64099674826118","0.2206145306642641","23.132599092536378","1.428327777080957","0.5136406568460216"
"0.7900000000000006","37.39443116271312","2.6480463310013374","0.22319690508145032","23.01417900974699","1.40991654803149","0.5164748834372435"
"0.7950000000000006","37.508916049127684","2.655003535112219","0.22579344616946134","22.896977282913554","1.3914408221763543","0.5193082176022051"
"0.8000000000000006","37.62282092819216","2.6618680430670203","0.22840414953494123","22.780975812895253","1.3729015909602242","0.5221406730959754"
"0.8050000000000006","37.7361517125014","2.668639542198665","0.23102901085142644","22.666156861848645","1.3542998263289503","0.5249722632970414"
"0.8100000000000006","37.84891422772244","2.67531772460479","0.23366802585749766","22.55250304420661","1.3356364812250423","0.527803001214246"
"0.8150000000000006","37.96111421431207","2.681902287055133","0.23632119035496515","22.43999731792642","1.3169124900685394","0.5306328994935009"
"0.8200000000000006","38.07275732919206","2.688392930901252","0.23898850020708656","22.328622975997586","1.2981287692237715","0.5334619704242811"
"0.8250000000000006","38.18384914738306","2.6947893619885144","0.2416699513368161","22.21836363820052","1.279286217452502","0.5362902259459086"
"0.8300000000000006","38.294395163598594","2.7010912905702837","0.24436553972508426","22.10920324310742","1.2603857163539165","0.5391176776536338"
"0.8350000000000006","38.40440079380018","2.707298431224243","0.24707526140910688","22.001126040317104","1.2414281307919095","0.5419443368045205"
"0.8400000000000006","38.51387137671476","2.7134105027707935","0.2497991124807226","21.894116582915828","1.2224143093100979","0.544770214323141"
"0.8450000000000006","38.622812175315545","2.7194272281934686","0.252537089084758","21.78815972015647","1.20334508453498","0.5475953208070893"
"0.8500000000000006","38.73122837826729","2.725348334561307","0.2552891874174196","21.683240590348717","1.1842212735676352","0.5504196665323162"
"0.8550000000000006","38.83912510133705","2.7311735529531287","0.2580554037247111","21.57934461395318","1.1650436783643516","0.5532432614582952"
"0.8600000000000007","38.946507388771415","2.7369026183836613","0.2608357343008762","21.476457486872675","1.1458130861065485","0.5560661152330215"
"0.8650000000000007","39.05338021464109","2.742535269731463","0.26363017548686546","21.3745651739341","1.1265302695603499","0.5588882371978535"
"0.8700000000000007","39.15974848415386","2.7480712496685937","0.2664387236688264","21.273653902554614","1.1071959874261503","0.5617096363921988"
"0.8750000000000007","39.26561703493679","2.753510304591986","0.2692613752766167","21.173710156586072","1.087810984678503","0.5645303215580518"
"0.8800000000000007","39.37099063828845","2.7588521845564693","0.27209812678233863","21.074720670331917","1.0683759928966436","0.5673503011443867"
"0.8850000000000007","39.4758740004021","2.764096643209399","0.2749489746988957","20.976672422730847","1.0488917305859597","0.5701695833114121"
"0.8900000000000007","39.58027176356061","2.7692434377268524","0.2778139155785691","20.87955263170192","1.0293589034906934","0.5729881759346901"
"0.8950000000000007","39.68418850730384","2.7742923287513435","0.2806929460116147","20.783348748645846","1.0097782048981645","0.5758060866091257"
"0.9000000000000007","39.78762874956932","2.7792430803310175","0.28358606262487884","20.688048453097494","0.990150315934784","0.5786233226528298"
"0.9050000000000007","39.89059694780695","2.7840954598602883","0.28649326208043313","20.593639647524736","0.9704759058541201","0.5814398911108606"
"0.9100000000000007","39.993097500068295","2.7888492380218746","0.28941454107422737","20.500110452269016","0.9507556323172709","0.5842557987588473"
"0.9150000000000007","40.09513474607141","2.7935041887302035","0.2923498963347599","20.407449200623127","0.9309901416657853","0.5870710521064992"
"0.9200000000000007","40.19671296824162","2.7980600890761402","0.2952993246217649","20.315644434041893","0.9111800691873688","0.5898856574010055"
"0.9250000000000007","40.297836392729025","2.8025167192730134","0.2982628227249165","20.224684897481566","0.8913260393745988","0.5926996206303267"
"0.9300000000000007","40.398509190403345","2.8068738626038976","0.30124038746254844","20.13455953486394","0.8714286661768685","0.5955129475263845"
"0.9350000000000007","40.49873547782665","2.8111313053701266","0.3042320156803892","20.045257484661285","0.8514885532457701","0.5983256435681508"
"0.9400000000000007","40.598519318204644","2.815288836840997","0.3072377042503124","19.956768075598376","0.8315062941741183","0.6011377139846397"
"0.9450000000000007","40.697864722316986","2.8193462492046413","0.31025745006910144","19.869080822467996","0.8114824727288121","0.6039491637578068"
"0.9500000000000007","40.79677564942727","2.82330333752003","0.31329125005722824","19.782185422056436","0.7914176630777235","0.6067599976253572"
"0.9550000000000007","40.89525600817315","2.8271598996700837","0.3163391011576456","19.696071749175644","0.7713124300107927","0.6095702200834656"
"0.9600000000000007","40.993309657437145","2.8309157363158612","0.3194010003345926","19.61072985279875","0.7511673291555095","0.6123798353894127"
"0.9650000000000007","41.09094040719862","2.834570650851796","0.3224769445724133","19.526149952295874","0.7309829071869476","0.6151888475641375"
"0.9700000000000008","41.18815201936746","2.8381244493619584","0.3255669308743869","19.442322433767163","0.710759702032517","0.6179972603947123"
"0.9750000000000008","41.28494820859981","2.8415769405773164","0.32867095626157056","19.35923784647015","0.6904982430715935","0.6208050774367386"
"0.9800000000000008","41.3813326430965","2.8449279358339674","0.3317890177716539","19.276886899338635","0.6701990513301752","0.6236123020166703"
"0.9850000000000008","41.47730894538445","2.848177249032321","0.33492111245782424","19.19526045759031","0.6498626396707176","0.6264189372340633"
"0.9900000000000008","41.57288069308155","2.8513246965972074","0.33806723738764305","19.114349539420576","0.629489512977286","0.629224985963756"
"0.9950000000000008","41.66805141964545","2.8543700974388884","0.34122738964193294","19.03414531277992","0.6090801683361657","0.6320304508579824"
"1.0000000000000007","41.76282461510662","2.857313272914949","0.344401566313675","18.954639092232487","0.5886350952120617","0.634835334348419"
"1.0050000000000006","41.85720372678608","2.860154046793049","0.34758976450691587","18.875822335893396","0.5681547756200162","0.6376396386481691"
"1.0100000000000005","41.95119215999829","2.862892245214515","0.3507919813356843","18.79768664244255","0.5476396842931691","0.6404433657536854"
"1.0150000000000003","42.044793278739355","2.8655276966587473","0.3540082139229175","18.72022374821271","0.5270902888464817","0.6432465174466336"
"1.0200000000000002","42.138010406361104","2.86806023190843","0.35723845939939597","18.64342552434967","0.506507049936538","0.6460490952956982"
"1.0250000000000001","42.230846826231314","2.8704896840155176","0.36048271490268763","18.567283974042496","0.48589042141753785","0.648851100658333"
"1.03","42.32330578238042","2.8728158882679855","0.3637409775760999","18.49179122982177","0.46524085049358993","0.6516525346824578"
"1.035","42.415390480135045","2.8750386821573226","0.36701324456764045","18.416939550923956","0.4445587778674083","0.6544533983081032"
"1.0399999999999998","42.50710408673864","2.87715790534675","0.37029951302898545","18.342721320719956","0.42384463788551585","0.6572536922690049"
"1.0449999999999997","42.598449731959676","2.87917339964015","0.3735997801144562","18.269129044206075","0.4030988586800522","0.6600534170941493"
"1.0499999999999996","42.68943050868745","2.8810850089516866","0.3769140429800026","18.19615534555562","0.38232186230728027","0.6628525731092725"
"1.0549999999999995","42.7800494735161","2.882892579276101","0.3802422987821941","18.12379296572944","0.3615140648828847","0.665651160438313"
"1.0599999999999994","42.87030964731682","2.8845959586596717","0.38358454467721825","18.052034760143734","0.34067587671415034","0.6684491790048211"
"1.0649999999999993","42.96021401579879","2.8861949971718173","0.3869407778198849","17.980873696393576","0.31980770242910733","0.6712466285333257"
"1.0699999999999992","43.04976553005894","2.887689546877331","0.3903109953626382","17.91030285203058","0.2989099411027256","0.6740435085506593"
"1.074999999999999","43.138967107120905","2.889079461809232","0.3936951944545744","17.840315412393196","0.27798298638024","0.6768398183872439"
"1.079999999999999","43.227821630463346","2.8903645979422206","0.3970933722404661","17.770904668488242","0.2570272265976839","0.6796355571783389"
"1.0849999999999989","43.31633195053796","2.891544813166719","0.4005055258597923","17.702064014922204","0.23604304489970715","0.6824307238652506"
"1.0899999999999987","43.404500885277365","2.8926199672634927","0.40393165244577484","17.633786947880992","0.21503081935475102","0.6852253171965073"
"1.0949999999999986","43.49233122059315","2.893589921878831","0.4073717491244198","17.566067063156826","0.19399092306765187","0.688019335728999"
"1.0999999999999985","43.579825710864256","2.8944545405002797","0.41082581301356524","17.498898054220945","0.17292372428974168","0.6908127778290841"
"1.1049999999999984","43.66698707941596","2.8952136884329125","0.4142938412219336","17.432273710340944","0.15182958652651213","0.6936056416736639"
"1.1099999999999983","43.75381801898967","2.8958672327761272","0.4177758308481897","17.366187914741513","0.13070886864290684","0.6963979252512259"
"1.1149999999999982","43.8403211922037","2.896415042400959","0.421271778980004","17.300634642807427","0.10956192496630397","0.6991896263628574"
"1.119999999999998","43.92649923200534","2.896856987927895","0.42478168269312017","17.23560796032766","0.08838910538724992","0.7019807426232303"
"1.124999999999998","44.01235474211424","2.8971929417051854","0.42830553905042795","17.171102021779518","0.06719075545800268","0.7047712714615578"
"1.129999999999998","44.097890297457496","2.89742277778763","0.43184334510104055","17.107111068651758","0.04596721648894172","0.707561210122525"
"1.1349999999999978","44.18310844459653","2.8975463719158445","0.4353950978793765","17.04362942780563","0.024718825642899393","0.7103505556671931"
"1.1399999999999977","44.26801170214589","2.897563601495982","0.4389607944042459","16.980651509872885","0.003445916027467459","0.7131393049738793"
"1.1449999999999976","44.35260256118434","2.8974743455799086","0.442540431677941","16.918171807689742","-0.01785118321466976","0.7159274547390131"
"1.1499999999999975","44.43688348565817","2.8972784848458217","0.4461340066853308","16.856184894765917","-0.03917214681732517","0.718715001477969"
"1.1549999999999974","44.52085691277711","2.8969759015793004","0.4497415163929602","16.794685423787765","-0.060516653304273124","0.7215019415258782"
"1.1599999999999973","44.60452525340288","2.8965664796547776","0.45336295774815233","16.73366812515469","-0.08188438490454081","0.7242882710384189"
"1.1649999999999971","44.68789089243062","2.89605010451743","0.45699832767811527","16.67312780554793","-0.10327502746948107","0.7270739859925861"
"1.169999999999997","44.77095618916328","2.895426663165472","0.4606476230890525","16.61305934653091","-0.12468827039158231","0.7298590821874429"
"1.174999999999997","44.85372347767918","2.894696044132847","0.46431084086527674","16.55345770318035","-0.14612380652497237","0.7326435552448525"
"1.1799999999999968","44.93619506719292","2.893858137472309","0.4679879778683277","16.49431790274733","-0.16758133210757464","0.7354274006101931"
"1.1849999999999967","45.01837324240966","2.8929128347388846","0.471679030936093","16.435635043347588","-0.18906054668487593","0.7382106135530558"
"1.1899999999999966","45.10026026387306","2.891860028973708","0.4753839968819326","16.37740429268026","-0.21056115303526673","0.7409931891679266"
"1.1949999999999965","45.18185836830693","2.8906996146882236","0.4791028724938069","16.31962088677439","-0.2320828570969159","0.7437751223748524"
"1.1999999999999964","45.263169768950746","2.889431487848743","0.4828356545334074","16.262280128762487","-0.2536253678961425","0.7465564079200938"
"1.2049999999999963","45.34419665588915","2.8880555458613566","0.4865823397352912","16.20537738768046","-0.27518839747724916","0.7493370403767624"
"1.2099999999999962","45.42494119637561","2.8865716875571876","0.49034292480601843","16.148908097293273","-0.29677166083378204","0.7521170141454465"
"1.214999999999996","45.505405535150345","2.884979813177982","0.49411740642329255","16.092867754945683","-0.31837487584118335","0.7548963234548233"
"1.219999999999996","45.58559179475253","2.883279824362028","0.4979057812351039","16.03725192043745","-0.3399977631908041","0.7576749623622598"
"1.2249999999999959","45.66550207582714","2.8814716241304015","0.5017080458588759","15.982056214922373","-0.36164004632524466","0.7604529247544031"
"1.2299999999999958","45.74513845742629","2.8795551168735267","0.5055241968806147","15.927276319830636","-0.3833014513749925","0.7632302043477591"
"1.2349999999999957","45.82450299730536","2.877530208338045","0.509354230854061","15.872907975813817","-0.40498170709632736","0.7660067946892628"
"1.2399999999999956","45.90359773221392","2.8753968056139927","0.5131981442998451","15.818946981712076","-0.4266805448104641","0.7687826891568383"
"1.2449999999999954","45.98242467818163","2.8731548171222734","0.5170559337046449","15.765389193542928","-0.4483976983439051","0.7715578809599515"
"1.2499999999999953","46.06098583079918","2.8708041526024237","0.5209275955203456","15.712230523511122","-0.4701329039699755","0.7743323631401535"
"1.2549999999999952","46.139283165494376","2.868344723100666","0.5248131261632037","15.659466939039072","-0.49188590035151325","0.777106128571618"
"1.2599999999999951","46.217318637803466","2.8657764409582427","0.5287125220130121","15.607094461817391","-0.5136564284846893","0.779879169961671"
"1.264999999999995","46.29509418363784","2.863099219800023","0.5326257794122686","15.55510916687501","-0.5354442316439318","0.782651479851315"
"1.269999999999995","46.372611719546185","2.8603129745233833","0.5365528946653474","15.503507181668436","-0.5572490553279309","0.7854230506157472"
"1.2749999999999948","46.44987314297213","2.85741762128735","0.5404938640376717","15.45228468518968","-0.5790706472066992","0.7881938744648731"
"1.2799999999999947","46.526880332507595","2.8544130775020014","0.5444486837548909","15.401437907092422","-0.6009087570696658","0.7909639434438147"
"1.2849999999999946","46.60363514814178","2.8512992618181277","0.5484173500020579","15.350963126835975","-0.6227631367747813","0.793733249433416"
"1.2899999999999945","46.68013943150601","2.848076094117135","0.5523998589228116","15.300856672846631","-0.6446335401986116","0.7965017841507442"
"1.2949999999999944","46.75639500611449","2.8447434955011976","0.5563962066185596","15.251114921695985","-0.6665197231873996","0.799269539149588"
"1.2999999999999943","46.832403677600965","2.8413013882836524","0.5604063891476644","15.201734297295822","-0.6884214435090744","0.8020365058209535"
"1.3049999999999942","46.90816723395151","2.8377496959796216","0.5644304025246322","15.152711270109211","-0.7103384608061886","0.8048026753935589"
"1.309999999999994","46.983687445733395","2.8340883432968726","0.5684682427193039","15.104042356377406","-0.7322705365497623","0.8075680389343263"
"1.314999999999994","47.0589660663202","2.8303172561269028","0.5725199056560483","15.055724117362184","-0.7542174339940179","0.8103325873488739"
"1.3199999999999938","47.13400483211322","2.826436361536243","0.5765853872129583","15.00775315860329","-0.7761789181319846","0.8130963113820069"
"1.3249999999999937","47.20880546275917","2.8224455877579833","0.5806646832210494","14.960126129190613","-0.7981547556519569","0.8158592016182084"
"1.3299999999999936","47.283369661364425","2.8183448641835094","0.58475778946346","14.912839721050773","-0.8201447148947886","0.818621248482131"
"1.3349999999999935","47.35769911470567","2.8141341213544493","0.5888647016746554","14.86589066824778","-0.8421485658120058","0.8213824422390892"
"1.3399999999999934","47.43179549343716","2.8098132909548257","0.5929854155396332","14.819275746297446","-0.864166079924723","0.8241427729955524"
"1.3449999999999933","47.505660452294634","2.805382305803409","0.5971199266931314","14.772991771495255","-0.8861970302833462","0.8269022306996405"
"1.3499999999999932","47.579295630295924","2.8008410998462687","0.6012682307188395","14.727035600257341","-0.9082411914280465","0.8296608051416213"
"1.354999999999993","47.652702650938295","2.796189608149519","0.6054303231486116","14.681404128474341","-0.9302983393499916","0.8324184859544098"
"1.359999999999993","47.72588312239268","2.791427766892252","0.6096061994616819","14.63609429087778","-0.9523682514533183","0.8351752626140714"
"1.3649999999999929","47.79883863769477","2.7865555133596627","0.6137958550838836","14.591103060418732","-0.9744507065178328","0.8379311244403277"
"1.3699999999999928","47.87157077493306","2.7815727859363504","0.6179992853868689","14.54642744765848","-0.9965454846624257","0.8406860605970662"
"1.3749999999999927","47.944081097433916","2.7764795240998046","0.6222164856873331","14.50206450017091","-1.018652367309186","0.8434400600928543"
"1.3799999999999926","48.016371153943695","2.7712756684140634","0.6264474512462405","14.458011301956367","-1.0407711371482053","0.8461931117814576"
"1.3849999999999925","48.08844247880803","2.765961160523548","0.6306921772680523","14.41426497286673","-1.062901578103054","0.8489452043623626"
"1.3899999999999924","48.160296592148235","2.7605359431470635","0.6349506588999588","14.370822668041463","-1.0850434752969216","0.8516963263813057"
"1.3949999999999922","48.23193500003501","2.7549999600719666","0.6392228912311129","14.327681577354374","-1.1071966150194081","0.854446466230806"
"1.3999999999999921","48.303359194659365","2.749353156148497","0.6435088692918663","14.284838924870893","-1.1293607846939537","0.857195612150706"
"1.404999999999992","48.37457065450094","2.7435954772842677","0.6478085880530099","14.24229196831559","-1.1515357728458955","0.8599437522287172"
"1.409999999999992","48.445570844493695","2.737726870438912","0.6521220424250147","14.20003799854974","-1.1737213690711426","0.8626908744009724"
"1.4149999999999918","48.51636121618899","2.7317472836188847","0.6564492272572776","14.15807433905872","-1.1959173640054552","0.865436966452585"
"1.4199999999999917","48.586943207916235","2.725656665872413","0.6607901373373687","14.11639834544899","-1.2181235492943214","0.8681820160182163"
"1.4249999999999916","48.65731824494101","2.719454967284596","0.6651447673902819","14.075007404954505","-1.2403397175634172","0.8709260105826487"
"1.4299999999999915","48.72748773962077","2.7131421389726476","0.6695131120776888","14.033898935952301","-1.2625656623896433","0.8736689374813684"
"1.4349999999999914","48.797453091558204","2.7067181330812837","0.6738951659971946","13.9930703874871","-1.284801178272728","0.876410783901155"
"1.4399999999999913","48.86721568775223","2.7001829027782467","0.6782909236815979","13.952519238804712","-1.3070460606073862","0.8791515368806802"
"1.4449999999999912","48.9367769027467","2.6935364022499666","0.6827003795981536","13.912242998894067","-1.3293001056560256","0.8818911833111149"
"1.449999999999991","49.00613809877689","2.686778586697357","0.6871235281478373","13.87223920603768","-1.351563110521993","0.8846297099367458"
"1.454999999999991","49.07530062591374","2.67990941233174","0.6915603636646153","13.832505427370375","-1.3738348731233487","0.8873671033556005"
"1.4599999999999909","49.14426582220597","2.6729288363709043","0.6960108804147157","13.7930392584461","-1.3961151921671653","0.8901033500200827"
"1.4649999999999908","49.21303501382004","2.6658368170352826","0.7004750725959038","13.753838322812648","-1.4184038671243366","0.892838436237617"
"1.4699999999999906","49.28160951517801","2.658633313544258","0.7049529343367603","13.71490027159413","-1.4407006982048958","0.8955723481713043"
"1.4749999999999905","49.34999062909342","2.651318286112589","0.7094444596959633","13.676222783081037","-1.4630054863338289","0.8983050718405861"
"1.4799999999999904","49.41817964690506","2.643891695946952","0.7139496426615729","13.637803562327722","-1.4853180331273796","0.9010365931219212"
"1.4849999999999903","49.48617784860885","2.636353505242603","0.7184684771503203","13.599640340757162","-1.507638140869838","0.9037668977494722"
"1.4899999999999902","49.55398650298771","2.628703677180149","0.7230009570068993","13.561730875772835","-1.5299656124908037","0.9064959713158028"
"1.4949999999999901","49.6216068677396","2.6209421759224343","0.7275470760032622","13.524072950377578","-1.5523002515429183","0.9092237992725871"
"1.49999999999999","49.689040189603595","2.613068966611534","0.7321068278379188","13.486664372799268","-1.574641862180062","0.9119503669313298"
"1.50499999999999","49.75628770448421","2.605084015365854","0.7366802061352393","13.449502976123203","-1.596990249136003","0.9146756594640983"
"1.5099999999999898","49.82335063757386","2.5969872892773367","0.7412672044447607","13.412586617931018","-1.6193452177034984","0.9173996619042672"
"1.5149999999999897","49.89023020347359","2.5887787564087676","0.745867816240497","13.37591317994604","-1.6417065737138363","0.920122359147274"
"1.5199999999999896","49.956927606312014","2.5804583857911836","0.750482034920254","13.33948056768491","-1.6640741235168166","0.9228437359513875"
"1.5249999999999895","50.02344403986259","2.572026147421378","0.7551098538049464","13.303286710115385","-1.686447673961161","0.925563776938489"
"1.5299999999999894","50.08978068765919","2.563482012259501","0.7597512661379208","13.26732955932015","-1.708827032375349","0.9282824665948661"
"1.5349999999999893","50.155938723110026","2.5548259522267567","0.7644062650842809","13.231607090166559","-1.7312120065488736","0.930999789272019"
"1.5399999999999892","50.22191930960994","2.546057940203187","0.7690748437302183","13.19611729998217","-1.7536024047139105","0.9337157291874797"
"1.544999999999989","50.28772360065112","2.53717795002555","0.7737569950823465","13.16085820823594","-1.7759980355273952","0.9364302704256453"
"1.549999999999989","50.35335273993225","2.5281859564852827","0.7784527120670396","13.125827856224994","-1.7983987080535047","0.9391433969386239"
"1.5549999999999888","50.418807861466085","2.51908193532655","0.7831619875297751","13.09102430676684","-1.8208042317465363","0.941855092547094"
"1.5599999999999887","50.48409008968557","2.509865863244379","0.787884814234481","13.056445643896927","-1.8432144164341806","0.9445653409411777"
"1.5649999999999886","50.54920053954843","2.500537717882873","0.7926211848628876","13.022089972571436","-1.8656290723011817","0.9472741256813282"
"1.5699999999999885","50.6141403166403","2.4910974778335064","0.7973710920138837","12.987955418375202","-1.8880480098733814","0.9499814301992301"
"1.5749999999999884","50.67891051727648","2.481545122633496","0.8021345282028772","12.954040127234668","-1.9104710400021423","0.952687237798715"
"1.5799999999999883","50.74351222860216","2.4718806327642504","0.8069114858611607","12.920342265135762","-1.9328979738491445","0.9553915316566901"
"1.5849999999999882","50.80794652869139","2.4621039896498926","0.811701957335281","12.886860017846614","-1.9553286228715536","0.9580942948240819"
"1.589999999999988","50.872214486644616","2.452215175655855","0.816505934886415","12.853591590644998","-1.977762798807552","0.9607955102267942"
"1.594999999999988","50.936317162684865","2.442214174087544","0.8213234106897483","12.820535208050437","-2.000200313662233","0.9634951606666802"
"1.5999999999999879","51.00025560825267","2.4321009691890745","0.826154376833861","12.787689113560841","-2.022640979693852","0.9661932288225292"
"1.6049999999999878","51.06403086609964","2.4218755461420725","0.8309988253201163","12.755051569393624","-2.0450846094004285","0.9688896972510688"
"1.6099999999999877","51.127643970380795","2.411537891064539","0.8358567480620561","12.722620856231186","-2.0675310155067006","0.9715845483879805"
"1.6149999999999876","51.19109594674565","2.4010879910097818","0.8407281368848007","12.6903952729707","-2.0899800109514213","0.9742777645489313"
"1.6199999999999875","51.254387812428035","2.3905258339654067","0.8456129835244538","12.6583731364781","-2.112431408874996","0.9769693279306197"
"1.6249999999999873","51.317520576334765","2.3798514088523692","0.8505112796275129","12.626552781346184","-2.1348850226074605","0.9796592206118366"
"1.6299999999999872","51.38049523913305","2.369064705524085","0.8554230167502856","12.594932559656801","-2.1573406656567893","0.9823474245545413"
"1.6349999999999871","51.44331279333678","2.3581657147655974","0.8603481863583105","12.563510840746963","-2.1797981516975358","0.9850339216049524"
"1.639999999999987","51.505974223391675","2.3471544282927983","0.8652867798257837","12.532286010978881","-2.202257294559799","0.9877186934946546"
"1.644999999999987","51.56848050575925","2.336030838751706","0.8702387884349924","12.501256473513807","-2.224717908218512","0.9904017218417192"
"1.6499999999999868","51.6308326089997","2.3247949397177905","0.8752042033757516","12.470420648089627","-2.247179806783051","0.993082988151841"
"1.6549999999999867","51.69303149385371","2.313446725695355","0.880183015744849","12.439776970802122","-2.269642804487161","0.9957624738194902"
"1.6599999999999866","51.75507811332316","2.3019861921169587","0.8851752165454945","12.409323893889836","-2.292106715679193","0.9984401601290787"
"1.6649999999999865","51.81697341275077","2.2904133353428953","0.8901807966867752","12.37905988552248","-2.314571354812654","1.0011160282561422"
"1.6699999999999864","51.87871832989873","2.27872815266071","0.8951997469831179","12.348983429592806","-2.337036536437057","1.0037900592685383"
"1.6749999999999863","51.94031379502629","2.2669306422847644","0.9002320581537562","12.319093025511876","-2.3595020751890825","1.0064622341276577"
"1.6799999999999862","52.00176073096633","2.255020803355844","0.9052777208222045","12.28938718800768","-2.381967785784035","1.009132533689653"
"1.684999999999986","52.063060053200964","2.2429986359408063","0.9103367255157379","12.25986444692702","-2.4044334830075975","1.011800938706681"
"1.689999999999986","52.12421266993616","2.2308641410322667","0.9154090626648786","12.230523347040611","-2.42689898170788","1.0144674298281608"
"1.6949999999999859","52.18521948217542","2.218617320548328","0.9204947226028889","12.201362447851341","-2.44936409678776","1.0171319876020468"
"1.6999999999999857","52.24608138379245","2.2062581773323404","0.9255936955652695","12.172380323405614","-2.471828643197513","1.0197945924761174"
"1.7049999999999856","52.30679926160299","2.1937867151527017","0.9307059716892658","12.143575562107738","-2.4942924359277217","1.0224552247992775"
"1.7099999999999855","52.36737399543568","2.181202938702689","0.9358315410133802","12.114946766537292","-2.5167552900024766","1.0251138648228777"
"1.7149999999999854","52.42780645820203","2.168506853600325","0.9409703934768904","12.08649255326941","-2.539217020472848","1.0277704927020463"
"1.7199999999999853","52.48809751596552","2.1556984663882717","0.9461225189193756","12.058211552697948","-2.561677442410642","1.0304250884970385"
"1.7249999999999852","52.54824802800983","2.1427777845337594","0.9512879070802486","12.03010240886145","-2.584136370902423","1.0330776321745982"
"1.729999999999985","52.60825884690619","2.1297448164285404","0.9564665475982953","12.002163779271896","-2.6065936210438148","1.0357281036093364"
"1.734999999999985","52.66813081857992","2.11659957138887","0.9616584300112209","11.97439433474615","-2.6290490079340647","1.0383764825851232"
"1.739999999999985","52.727864782376116","2.1033420596555157","0.9668635437552033","11.946792759240072","-2.6515023466708776","1.0410227487964938"
"1.7449999999999848","52.787461571124545","2.0899722923937882","0.9720818781644537","11.91935774968526","-2.673953452345509","1.043666881850071"
"1.7499999999999847","52.84692201120369","2.0764902816935975","0.9773134224707837","11.892088015828332","-2.696402140038123","1.0463088612659992"
"1.7549999999999846","52.906246922604055","2.0628960405695307","0.9825581658031807","11.864982280072747","-2.7188482248134043","1.0489486664793957"
"1.7599999999999845","52.96543711899067","2.0491895829609486","0.9878160971873897","11.838039277323091","-2.741291521716428","1.0515862768418134"
"1.7649999999999844","53.02449340776483","2.0353709237321045","0.9930872055455033","11.81125775483179","-2.7637318457687825","1.0542216716227193"
"1.7699999999999843","53.08341659012507","2.02144007867228","0.9983714796955583","11.784636472048204","-2.7861690119649385","1.056854830010986"
"1.7749999999999841","53.14220746112742","2.0073970644959354","1.0036689083511403","11.758174200470071","-2.808602835268871","1.0594857311163974"
"1.779999999999984","53.20086680974491","1.9932418988428808","1.0089794801209961","11.73186972349723","-2.831033130610922","1.062114353971168"
"1.784999999999984","53.259395418926346","1.9789746002784563","1.0143031835086536","11.705721836287614","-2.8534597128849084","1.0647406775314745"
"1.7899999999999838","53.317794065654425","1.964595188293729","1.0196400069120486","11.679729345615451","-2.8758823969454674","1.067364680679003"
"1.7949999999999837","53.37606352100308","1.9501036833057006","1.0249899386231611","11.653891069731639","-2.898300997605642","1.0699863422225067"
"1.7999999999999836","53.43420455019422","1.935500106657527","1.030352966827658","11.628205838226256","-2.920715329634699","1.0726056408993792"
"1.8049999999999835","53.49221791265368","1.9207844806187462","1.0357290796045442","11.602672491893168","-2.943125207756181","1.0752225553772379"
"1.8099999999999834","53.55010436206666","1.9059568283855153","1.0411182649258217","11.57728988259669","-2.9655304466461874","1.0778370642555224"
"1.8149999999999833","53.60786464643236","1.891017174080856","1.0465205106561573","11.552056873140273","-2.9879308609318826","1.0804491460671042"
"1.8199999999999832","53.665499508118046","1.8759655427549047","1.0519358045525569","11.526972337137174","-3.0103262651902307","1.0830587792799082"
"1.824999999999983","53.72300968391246","1.86080196038517","1.0573641342640496","11.502035158883071","-3.0327164739469503","1.0856659422985477"
"1.829999999999983","53.78039590507861","1.8455264538767915","1.0628054873313795","11.477244233230603","-3.0551013016756916","1.0882706134659703"
"1.8349999999999829","53.837658897405944","1.8301390510628044","1.068259851186705","11.452598465465774","-3.0774805627974287","1.0908727710651152"
"1.8399999999999828","53.894799381261876","1.8146397807044041","1.0737272131533078","11.428096771186219","-3.0998540716800687","1.0934723933205825"
"1.8449999999999827","53.95181807164278","1.7990286724912128","1.0792075604453093","11.40373807618127","-3.122221642638273","1.0960694584003146"
"1.8499999999999825","54.008715678224355","1.7833057570415454","1.0847008801673956","11.379521316313813","-3.144583089933488","1.0986639444172859"
"1.8549999999999824","54.065492905411375","1.7674710659026744","1.0902071593145517","11.355445437403883","-3.1669382277741835","1.101255829431207"
"1.8599999999999823","54.12215045238695","1.751524631551093","1.0957263847718028","11.331509395113988","-3.1892868703162973","1.103845091450236"
"1.8649999999999822","54.178689013161126","1.7354664873927736","1.1012585433139663","11.307712154836116","-3.2116288316638806","1.106431708432703"
"1.8699999999999821","54.23510927661903","1.7192966677634238","1.1068036216054105","11.284052691580396","-3.2339639258699453","1.1090156582888424"
"1.874999999999982","54.29141192656836","1.7030152079287362","1.1123616061998232","11.260529989865391","-3.2562919669375083","1.1115969188825363"
"1.879999999999982","54.34759764178641","1.686622144084632","1.1179324835399884","11.23714304360999","-3.278612768820831","1.1141754680330678"
"1.8849999999999818","54.40366709606654","1.670117513357498","1.1235162399575729","11.213890856026868","-3.300926145426851","1.1167512835168822"
"1.8899999999999817","54.45962095826413","1.6535013538044139","1.1291128616729196","11.190772439517495","-3.3232319106168062","1.1193243430693594"
"1.8949999999999816","54.51545989234197","1.6367737044133737","1.1347223347948525","11.167786815568652","-3.345529878208043","1.1218946243865928"
"1.8999999999999815","54.57118455741522","1.6199346051034935","1.1403446453204884","11.144933014650448","-3.3678198619760136","1.1244621051271788"
"1.9049999999999814","54.6267956077958","1.6029840967252114","1.1459797791350586","11.122210076115788","-3.3901016756564526","1.1270267629140134"
"1.9099999999999813","54.68229369303631","1.5859222210604726","1.151627722011739","11.09961704810129","-3.4123751329477376","1.1295885753360972"
"1.9149999999999812","54.73767945797346","1.5687490208229056","1.1572884596114907","11.077152987429601","-3.434640047513424","1.1321475199503481"
"1.919999999999981","54.79295354277102","1.5514645396579807","1.1629619774829079","11.054816959513117","-3.456896232984958","1.134703574283422"
"1.924999999999981","54.84811658296232","1.534068822143158","1.1686482610620756","11.032608038259047","-3.4791435029645585","1.1372567158335392"
"1.9299999999999808","54.9031692094922","1.5165619137880166","1.1743472956724372","11.01052530597584","-3.5013816710282746","1.1398069220723197"
"1.9349999999999807","54.9581120487586","1.4989438610343706","1.1800590665246704","10.9885678532809","-3.5236105507292055","1.1423541704466236"
"1.9399999999999806","55.01294572265365","1.481214711256366","1.1857835587165724","10.96673477900962","-3.545829955600889","1.1448984383803988"
"1.9449999999999805","55.06767084860427","1.4633745127605617","1.1915207572329551","10.945025190125671","-3.568039699160851","1.1474397032765338"
"1.9499999999999804","55.122288039612435","1.44542331478599","1.1972706469455487","10.923438201632544","-3.590239594914316","1.1499779425187164"
"1.9549999999999803","55.176797904294865","1.4273611675041997","1.2030332126129153","10.901972936486322","-3.612429456358073","1.1525131334732994"
"1.9599999999999802","55.231201046922415","1.4091881220192772","1.208808438880371","10.88062852550965","-3.6346090969845006","1.1550452534911686"
"1.96499999999998","55.28549806745895","1.3909042303678485","1.214596310279919","10.859404107306897","-3.6567783302857393","1.157574279909618"
"1.96999999999998","55.339689561599855","1.3725095455190583","1.2203968112301902","10.838298828180482","-3.6789369697580168","1.1601001900542283"
"1.9749999999999799","55.393776120810095","1.3540041213745277","1.226209926036394","10.817311842048337","-3.701084828906121","1.1626229612407502"
"1.9799999999999798","55.44775833236191","1.3353880127682878","1.232035638890279","10.796442310362504","-3.723221721248015","1.1651425707769907"
"1.9849999999999797","55.50163677937205","1.3166612754666898","1.2378739338701024","10.775689402028831","-3.745347460319597","1.1676589959647041"
"1.9899999999999796","55.55541204083869","1.2978239661682918","1.2437247949406098","10.755052293327756","-3.767461859679597","1.1701722141014852"
"1.9949999999999795","55.60908469167787","1.2788761425037187","1.2495882059530232","10.734530167836155","-3.789564732914613","1.1726822024826657"
"1.9999999999999793","55.662655302759624","1.2598178630354973","1.2554641506450392","10.714122216350251","-3.81165589364428","1.1751889384032141"
"2.0049999999999795","55.71612444094367","1.2406491872578644","1.2613526126408374","10.693827636809537","-3.83373515552657","1.1776923991596362"
"2.0099999999999794","55.76949266911478","1.2213701755965483","1.2672535754510967","10.673645634221728","-3.8558023322632247","1.180192562051879"
"2.0149999999999793","55.82276054621773","1.2019808894085218","1.273167022473023","10.653575420588696","-3.8778572376053084","1.1826894043852347"
"2.019999999999979","55.8759286272919","1.1824813909817273","1.2790929369903843","10.633616214833403","-3.8998996853588914","1.1851829034722483"
"2.024999999999979","55.92899746350554","1.162871743534773","1.2850313021735573","10.613767242727771","-3.9219294893908505","1.1876730366346233"
"2.029999999999979","55.98196760218965","1.1431520112165992","1.290982101079583","10.594027736821525","-3.94394646363479","1.1901597812051308"
"2.034999999999979","56.034839586871506","1.1233222591061138","1.2969453166522307","10.574396936371947","-3.9659504220970776","1.1926431145295162"
"2.0399999999999787","56.08761395730788","1.103382553211799","1.3029209317220727","10.554874087274555","-3.9879411788629944","1.1951230139684081"
"2.0449999999999786","56.14029124951785","1.083332960471284","1.3089089290065687","10.535458441994678","-4.009918548102995","1.1975994568992259"
"2.0499999999999785","56.19287199581535","1.0631735487508887","1.3149092911101592","10.516149259499912","-4.031882344079077","1.2000724207180862"
"2.0549999999999784","56.24535672484132","1.0429043868451324","1.3209220005243678","10.496945805193453","-4.053832381151255","1.202541882841709"
"2.0599999999999783","56.29774596159557","1.0225255444762118","1.3269470396279144","10.477847350848279","-4.075768473784138","1.2050078207093222"
"2.064999999999978","56.35004022746828","1.0020370922934438","1.3329843906868373","10.45885317454217","-4.097690436553607","1.2074702117845648"
"2.069999999999978","56.402240040271245","0.9814391018726759","1.3390340358546242","10.439962560593562","-4.119598084153588","1.209929033557387"
"2.074999999999978","56.454345914268735","0.9607316457156613","1.345095957172354","10.421174799498207","-4.1414912314029255","1.2123842635459485"
"2.079999999999978","56.50635836020807","0.9399147972493995","1.3511701365688467","10.402489187866633","-4.163369693252344","1.2148358792985154"
"2.0849999999999778","56.55827788534988","0.918988630825442","1.3572565558608234","10.383905028362394","-4.185233284791498","1.2172838583953518"
"2.0899999999999777","56.610104993498084","0.8979532217191615","1.3633551967530764","10.365421629641087","-4.207081821256114","1.2197281784506095"
"2.0949999999999775","56.66184018502953","0.8768086461289853","1.3694660408386474","10.347038306290132","-4.228915118035215","1.2221688171142138"
"2.0999999999999774","56.713483956923376","0.8555549811755933","1.375589069599016","10.328754378769299","-4.250732990678423","1.224605752073745"
"2.1049999999999773","56.765036802790135","0.8341923049010765","1.3817242644042977","10.310569173351967","-4.2725352549033495","1.2270389610563162"
"2.1099999999999772","56.81649921290047","0.8127206962680613","1.38787160651345","10.29248202206711","-4.2943217266030524","1.229468421830445"
"2.114999999999977","56.867871674213674","0.7911402351587934","1.3940310770744897","10.274492262641996","-4.316092221853575","1.231894112207922"
"2.119999999999977","56.9191546704059","0.7694510023741856","1.4002026571247181","10.256599238445572","-4.337846556921554","1.2343160100456736"
"2.124999999999977","56.970348681898066","0.7476530796328261","1.4063863275909563","10.238802298432557","-4.3595845482718945","1.2367340932476174"
"2.129999999999977","57.021454185883506","0.7257465495699486","1.4125820692897888","10.221100797088194","-4.381306012575513","1.2391483397665142"
"2.1349999999999767","57.072471656355376","0.7037314957363628","1.418789862927818","10.203494094373683","-4.403010766717148","1.2415587276058122"
"2.1399999999999766","57.12340156413374","0.6816080025973468","1.4250096891019253","10.185981555672253","-4.424698627803219","1.2439652348214854"
"2.1449999999999765","57.17424437689242","0.659376155531498","1.4312415282995445","10.16856255173589","-4.446369413169766","1.2463678395238638"
"2.1499999999999764","57.22500055918558","0.6370360408295459","1.4374853608989417","10.151236458632699","-4.468022940390418","1.2487665198794584"
"2.1549999999999763","57.275670572474056","0.6145877456931237","1.4437411671695057","10.13400265769488","-4.489659027284443","1.2511612541127775"
"2.159999999999976","57.32625487515139","0.5920313582334996","1.4500089272720464","10.116860535467332","-4.511277491924822","1.253552020508134"
"2.164999999999976","57.37675392256968","0.5693669674702676","1.4562886212591037","10.099809483656843","-4.532878152646397","1.2559387974114484"
"2.169999999999976","57.42716816706508","0.5465946633299974","1.4625802290752639","10.082848899081897","-4.554460828054044","1.2583215632320386"
"2.174999999999976","57.4774980579832","0.5237145366448429","1.4688837305574858","10.065978183623047","-4.5760253370309005","1.2607002964444047"
"2.1799999999999757","57.52774404170407","0.5007266791511097","1.4751991054354359","10.04919674417387","-4.5975714987466345","1.263074975590003"
"2.1849999999999756","57.57790656166703","0.47763118348778094","1.481526333331831","10.032503992592492","-4.619099132665746","1.2654455792790114"
"2.1899999999999755","57.627986058395294","0.4544281431950014","1.4878653937627913","10.015899345653667","-4.640608058555909","1.2678120861920845"
"2.1949999999999754","57.6779829695203","0.43111765271251967","1.4942162661382017","9.999382225001407","-4.6620980964963445","1.2701744750821"
"2.1999999999999753","57.72789772980581","0.40769980737808853","1.500578929762081","9.982952057102148","-4.683569066886228","1.2725327247758937"
"2.204999999999975","57.777730771171804","0.38417470342582294","1.506953363832961","9.966608273198458","-4.705020790453124","1.2748868141759853"
"2.209999999999975","57.82748252271812","0.36054243798451574","1.5133395474442726","9.950350309263259","-4.726453088261441","1.2772367222622922"
"2.214999999999975","57.877153410747894","0.3368031090759111","1.5197374595847417","9.934177605954565","-4.747865781720924","1.2795824280938337"
"2.219999999999975","57.92674385879075","0.3129568156129353","1.5261470791387939","9.918089608570735","-4.769258692595156","1.2819239108104228"
"2.2249999999999748","57.97625428762578","0.2890036573978849","1.5325683848869656","9.902085767006223","-4.790631643010082","1.2842611496343472"
"2.2299999999999747","58.02568511530432","0.2649437351205722","1.5390013555063258","9.886165535707814","-4.811984455462553","1.2865941238720382"
"2.2349999999999746","58.07503675717248","0.24077715035642777","1.5454459695709044","9.870328373631356","-4.8333169528288815","1.288922812915728"
"2.2399999999999745","58.124309625893474","0.2165040055645607","1.5519022055521299","9.854573744198959","-4.854628958373412","1.2912471962450944"
"2.2449999999999743","58.173504131469755","0.19212440408577522","1.5583700418192743","9.83890111525667","-4.875920295757097","1.2935672534288931"
"2.2499999999999742","58.22262068126492","0.1676384501405448","1.5648494566399072","9.823309959032615","-4.897190789046084","1.295882964126577"
"2.254999999999974","58.2716596800254","0.14304624882694325","1.5713404281803567","9.807799752095585","-4.918440262720307","1.298194308089903"
"2.259999999999974","58.32062152990197","0.11834790611853283","1.5778429345061793","9.792369975314086","-4.939668541682083","1.300501265164525"
"2.264999999999974","58.36950663047105","0.0935435288622093","1.5843569535826372","9.77702011381582","-4.960875451264704","1.302803815291574"
"2.269999999999974","58.418315378755786","0.06863322477600414","1.5908824632751832","9.76174965694761","-4.982060817241034","1.3051019385092244"
"2.2749999999999737","58.467048169246965","0.04361710244684366","1.5974194413499545","9.746558098235752","-5.003224465832097","1.3073956149542456"
"2.2799999999999736","58.515705393923696","0.018495271328265322","1.6039678654742722","9.731444935346792","-5.024366223715667","1.309684824863541"
"2.2849999999999735","58.56428744227394","-0.006732158261908882","1.6105277132171505","9.716409670048716","-5.04548591803484","1.311969548575671"